Line,1,2,Total
Sum,11160.702,1.3635537e7,1.3646698e7
t1,0.0,7747.180653837921,7747.180653837921
t2,0.0,8524.502420270614,8524.502420270614
t3,0.0,8923.128967158755,8923.128967158755
t4,0.0,9082.579585914016,9082.579585914016
t5,0.0,8923.128967158762,8923.128967158762
t6,0.0,8325.189146826537,8325.189146826537
t7,0.0,7209.034815539722,7209.034815539722
t8,0.0,6013.155174875611,6013.155174875611
t9,0.0,5954.930587247509,5954.930587247509
t10,0.0,5942.203100024408,5942.203100024408
t11,0.0,6042.906852142517,6042.906852142517
t12,0.0,6372.872306173923,6372.872306173923
t13,0.0,6358.78779312565,6358.78779312565
t14,0.0,6139.454762546891,6139.454762546891
t15,0.0,5991.484760718908,5991.484760718908
t16,0.0,5292.159903604352,5292.159903604352
t17,0.0,3057.393849359862,3057.393849359862
t18,0.0,253.00157234155185,253.00157234155185
t19,0.0,233.0702449971425,233.0702449971425
t20,0.0,791.1474106405483,791.1474106405483
t21,0.0,1927.2330692717694,1927.2330692717694
t22,0.0,3800.77783964574,3800.77783964574
t23,0.0,5873.6358834644325,5873.6358834644325
t24,0.0,7966.425254627196,7966.425254627196
t25,0.0,9481.206132802165,9481.206132802165
t26,0.0,10258.527899234055,10258.527899234055
t27,0.0,10557.497809400167,10557.497809400167
t28,0.0,10537.566482055752,10537.566482055752
t29,0.0,9899.764007034719,9899.764007034719
t30,0.0,7926.562599938392,7926.562599938392
t31,0.0,4299.061023256248,4299.061023256248
t32,0.0,2285.99696147111,2285.99696147111
t33,0.0,2828.5776379831027,2828.5776379831027
t34,0.0,3529.397591772548,3529.397591772548
t35,0.0,3550.1319968144235,3550.1319968144235
t36,0.0,3109.40147666453,3109.40147666453
t37,0.0,2996.9537116746524,2996.9537116746524
t38,0.0,3162.588729961311,3162.588729961311
t39,0.0,3261.0802495970397,3261.0802495970397
t40,0.0,2569.5652936133774,2569.5652936133774
t41,0.0,870.8727200181856,870.8727200181856
t42,0.0,1124.2086996435044,1124.2086996435044
t43,0.0,839.6315077197556,839.6315077197556
t44,0.0,193.2075903083308,193.2075903083308
t45,0.0,1688.057141138885,1688.057141138885
t46,0.0,3860.5718216792943,3860.5718216792943
t47,0.0,6591.163667863099,6591.163667863099
t48,0.0,9042.716931225204,9042.716931225204
t49,0.0,10637.223118777794,10637.223118777794
t50,0.0,11633.789485998157,11633.789485998157
t51,0.0,12112.141342263929,12112.141342263929
t52,0.0,12231.729306330923,12231.729306330923
t53,0.0,11673.652140686972,11673.652140686972
t54,0.0,9839.970025001498,9839.970025001498
t55,0.0,6192.537120974946,6192.537120974946
t56,0.0,4179.47305918925,4179.47305918925
t57,0.0,4860.510943924685,4860.510943924685
t58,0.0,6141.63504411803,6141.63504411803
t59,0.0,6645.97972515131,6645.97972515131
t60,0.0,6912.253716718891,6912.253716718891
t61,0.0,7330.0305545907095,7330.0305545907095
t62,0.0,7669.1744563405455,7669.1744563405455
t63,0.0,7571.609755085182,7571.609755085182
t64,0.0,6932.349828122228,6932.349828122228
t65,0.0,4540.207252291984,4540.207252291984
t66,0.0,1169.8426301842906,1169.8426301842906
t67,0.0,1149.9113028398858,1149.9113028398858
t68,0.0,1887.3704145821525,1887.3704145821525
t69,0.0,3063.3187279029876,3063.3187279029876
t70,0.0,5016.588807654906,5016.588807654906
t71,0.0,7428.2794163282,7428.2794163282
t72,0.0,9720.382060935037,9720.382060935037
t73,0.0,11175.368957076787,11175.368957076787
t74,0.0,11912.828068819857,11912.828068819857
t75,0.0,12251.660633674786,12251.660633674786
t76,0.0,12231.729306330377,12231.729306330377
t77,0.0,11613.858158653748,11613.858158653748
t78,0.0,9600.794096868602,9600.794096868602
t79,0.0,5773.97924674239,5773.97924674239
t80,0.0,3641.3272208908024,3641.3272208908024
t81,0.0,4826.978141952251,4826.978141952251
t82,0.0,5634.219169170482,5634.219169170482
t83,0.0,5854.88235965341,5854.88235965341
t84,0.0,6054.746427506345,6054.746427506345
t85,0.0,6224.359850954085,6224.359850954085
t86,0.0,6391.942092125617,6391.942092125617
t87,0.0,6686.339414060561,6686.339414060561
t88,0.0,6313.532116280967,6313.532116280967
t89,0.0,4044.7883792586704,4044.7883792586704
t90,0.0,113.48228093070107,113.48228093070107
t91,0.0,67.20770106914686,67.20770106914686
t92,0.0,651.6281192288919,651.6281192288919
t93,0.0,1787.7137778609197,1787.7137778609197
t94,0.0,3820.709166990471,3820.709166990471
t95,0.0,6451.644376452242,6451.644376452242
t96,0.0,8783.6096757479,8783.6096757479
t97,0.0,10298.390553922862,10298.390553922862
t98,0.0,11075.712320354749,11075.712320354749
t99,0.0,11434.476212554084,11434.476212554084
t100,0.0,11454.407539898488,11454.407539898488
t101,0.0,10836.536392221858,10836.536392221858
t102,0.0,8903.197639814345,8903.197639814345
t103,0.0,5096.314117032539,5096.314117032539
t104,0.0,3083.250055247396,3083.250055247396
t105,0.0,4404.062395372411,4404.062395372411
t106,0.0,5475.251474114626,5475.251474114626
t107,0.0,5769.965004644821,5769.965004644821
t108,0.0,6194.76869771597,6194.76869771597
t109,0.0,6159.293366569174,6159.293366569174
t110,0.0,6121.925216407674,6121.925216407674
t111,0.0,6004.074645401592,6004.074645401592
t112,0.0,5296.802001476995,5296.802001476995
t113,0.0,2670.2537642139496,2670.2537642139496
t114,0.0,128.18852791073033,128.18852791073033
t115,0.0,26.553816508644022,26.553816508644022
t116,0.0,691.4907739185163,691.4907739185163
t117,0.0,1907.3017419273654,1907.3017419273654
t118,0.0,3880.503149023683,3880.503149023683
t119,0.0,6451.644376452247,6451.644376452247
t120,0.0,8743.747021059095,8743.747021059095
t121,0.0,10318.321881266791,10318.321881266791
t122,0.0,11215.231611766072,11215.231611766072
t123,0.0,11613.858158653753,11613.858158653753
t124,0.0,11753.377450064603,11753.377450064603
t125,0.0,11235.162939110007,11235.162939110007
t126,0.0,9441.343478113342,9441.343478113342
t127,0.0,6053.017829564095,6053.017829564095
t128,0.0,3760.9151849572436,3760.9151849572436
t129,0.0,3043.387400558578,3043.387400558578
t130,0.0,2584.966871637213,2584.966871637213
t131,0.0,2507.2563481099874,2507.2563481099874
t132,0.0,2658.554127924594,2658.554127924594
t133,0.0,2924.0848609841833,2924.0848609841833
t134,0.0,3453.970021453579,3453.970021453579
t135,0.0,3702.76733225773,3702.76733225773
t136,0.0,3383.945457276378,3383.945457276378
t137,0.0,2247.53664932395,2247.53664932395
t138,0.0,970.5293567402216,970.5293567402216
t139,0.0,1428.9498856615867,1428.9498856615867
t140,0.0,2445.4475802263582,2445.4475802263582
t141,0.0,3541.670584168766,3541.670584168766
t142,0.0,5016.588807654906,5016.588807654906
t143,0.0,7009.721542095649,7009.721542095649
t144,0.0,9002.854276536387,9002.854276536387
t145,0.0,10617.291791433381,10617.291791433381
t146,0.0,11573.99550396494,11573.99550396494
t147,0.0,12072.278687575117,12072.278687575117
t148,0.0,12251.660633674786,12251.660633674786
t149,0.0,12072.278687575117,12072.278687575117
t150,0.0,11255.09426645442,11255.09426645442
t151,0.0,9859.9013523459,9859.9013523459
t152,0.0,8345.12047417094,8345.12047417094
t153,0.0,8392.899945498377,8392.899945498377
t154,0.0,8090.837589221484,8090.837589221484
t155,0.0,8147.801047432528,8147.801047432528
t156,0.0,8148.235065667748,8148.235065667748
t157,0.0,8945.44713304356,8945.44713304356
t158,0.0,9516.413229208827,9516.413229208827
t159,0.0,9717.36136893775,9717.36136893775
t160,0.0,9097.06346494449,9097.06346494449
t161,0.0,6803.274154451291,6803.274154451291
t162,0.0,3461.945274791138,3461.945274791138
t163,0.0,3262.632001347065,3262.632001347065
t164,0.0,4099.747749812176,4099.747749812176
t165,0.0,4916.932170932879,4916.932170932879
t166,0.0,6212.468448319355,6212.468448319355
t167,0.0,7846.837290560755,7846.837290560755
t168,0.0,9580.862769524201,9580.862769524201
t169,0.0,10463.197327885688,10463.197327885688
t170,0.0,11241.148277288123,11241.148277288123
t171,0.0,11571.77743078381,11571.77743078381
t172,0.0,11669.021299459015,11669.021299459015
t173,0.0,11532.879883313732,11532.879883313732
t174,0.0,10949.416671262508,10949.416671262508
t175,0.0,9976.977984510479,9976.977984510479
t176,0.0,8790.60278667381,8790.60278667381
t177,0.0,9154.962929592833,9154.962929592833
t178,0.0,9035.612440525607,9035.612440525607
t179,0.0,9093.777760213126,9093.777760213126
t180,0.0,9075.048157958196,9075.048157958196
t181,0.0,9177.294808999526,9177.294808999526
t182,0.0,9546.802234807661,9546.802234807661
t183,0.0,9622.256085823712,9622.256085823712
t184,0.0,8970.469412539838,8970.469412539838
t185,0.0,6921.713088203162,6921.713088203162
t186,0.0,2742.034155075386,2742.034155075386
t187,0.0,3111.5608560411492,3111.5608560411492
t188,0.0,4511.872564964076,4511.872564964076
t189,0.0,5212.028419425537,5212.028419425537
t190,0.0,6340.05729605789,6340.05729605789
t191,0.0,7215.252114134719,7215.252114134719
t192,0.0,9218.475808843896,9218.475808843896
t193,0.0,10716.03138644202,10716.03138644202
t194,0.0,11416.18724090348,11416.18724090348
t195,0.0,11669.021299459013,11669.021299459013
t196,0.0,11610.674978253886,11610.674978253886
t197,0.0,10968.865444997551,10968.865444997551
t198,0.0,9043.436845228533,9043.436845228533
t199,0.0,5503.7600254511435,5503.7600254511435
t200,0.0,3753.3703892967114,3753.3703892967114
t201,0.0,5054.3747690072405,5054.3747690072405
t202,0.0,6033.214613284767,6033.214613284767
t203,0.0,6883.539188231671,6883.539188231671
t204,0.0,7299.081798099876,7299.081798099876
t205,0.0,7835.822726354611,7835.822726354611
t206,0.0,8147.607044327112,8147.607044327112
t207,0.0,8423.366669265395,8423.366669265395
t208,0.0,8129.74229310724,8129.74229310724
t209,0.0,6422.219041823111,6422.219041823111
t210,0.0,2139.1221692891318,2139.1221692891318
t211,0.0,1419.5175410926263,1419.5175410926263
t212,0.0,2158.5709430241664,2158.5709430241664
t213,0.0,3461.638783271883,3461.638783271883
t214,0.0,5464.862477981064,5464.862477981064
t215,0.0,7895.959194861145,7895.959194861145
t216,0.0,10093.67062692021,10093.67062692021
t217,0.0,11493.982335844137,11493.982335844137
t218,0.0,12233.035737775192,12233.035737775192
t219,0.0,12524.767343800797,12524.767343800797
t220,0.0,12466.42102259567,12466.42102259567
t221,0.0,11844.060263074372,11844.060263074372
t222,0.0,9840.83656836519,9840.83656836519
t223,0.0,6262.262201117726,6262.262201117726
t224,0.0,4472.97501749349,4472.97501749349
t225,0.0,5693.085423197737,5693.085423197737
t226,0.0,6339.715810482392,6339.715810482392
t227,0.0,6665.303323655602,6665.303323655602
t228,0.0,6965.392215535878,6965.392215535878
t229,0.0,7399.0598020908155,7399.0598020908155
t230,0.0,7719.487542421464,7719.487542421464
t231,0.0,8147.174010769964,8147.174010769964
t232,0.0,7812.032790294395,7812.032790294395
t233,0.0,5986.507658264892,5986.507658264892
t234,0.0,1808.4930157934339,1808.4930157934339
t235,0.0,1205.5810300071832,1205.5810300071832
t236,0.0,1808.4930157934339,1808.4930157934339
t237,0.0,2897.6243449557105,2897.6243449557105
t238,0.0,4764.706623519607,4764.706623519607
t239,0.0,7195.803340399674,7195.803340399674
t240,0.0,9296.27090378406,9296.27090378406
t241,0.0,10638.236291501858,10638.236291501858
t242,0.0,11260.597051023156,11260.597051023156
t243,0.0,11474.533562108605,11474.533562108605
t244,0.0,11338.392145963318,11338.392145963318
t245,0.0,10657.685065236898,10657.685065236898
t246,0.0,8557.217501852512,8557.217501852512
t247,0.0,4842.5017184597655,4842.5017184597655
t248,0.0,3033.7657611009913,3033.7657611009913
t249,0.0,4894.895411548061,4894.895411548061
t250,0.0,5844.856683486626,5844.856683486626
t251,0.0,6432.731035388372,6432.731035388372
t252,0.0,6893.630411242829,6893.630411242829
t253,0.0,7328.445569098422,7328.445569098422
t254,0.0,7556.516191039368,7556.516191039368
t255,0.0,7606.657783259486,7606.657783259486
t256,0.0,6780.231558735174,6780.231558735174
t257,0.0,4569.165927566999,4569.165927566999
t258,0.0,758.2592341012427,758.2592341012427
t259,0.0,408.18130687471364,408.18130687471364
t260,0.0,1186.1322562763537,1186.1322562763537
t261,0.0,2391.9562278446606,2391.9562278446606
t262,0.0,4375.731148818798,4375.731148818798
t263,0.0,7001.315603049275,7001.315603049275
t264,0.0,9237.924582578937,9237.924582578937
t265,0.0,10696.582612706981,10696.582612706981
t266,0.0,11435.636014638521,11435.636014638521
t267,0.0,11766.265168134212,11766.265168134212
t268,0.0,11746.816394399177,11746.816394399177
t269,0.0,11085.558087407788,11085.558087407788
t270,0.0,9004.539297758445,9004.539297758445
t271,0.0,5328.721061835788,5328.721061835788
t272,0.0,3729.102213781376,3729.102213781376
t273,0.0,5658.936735004944,5658.936735004944
t274,0.0,6756.139675027216,6756.139675027216
t275,0.0,7365.709540962264,7365.709540962264
t276,0.0,7757.534326341565,7757.534326341565
t277,0.0,8204.856122247504,8204.856122247504
t278,0.0,8496.560661176853,8496.560661176853
t279,0.0,8779.897705932595,8779.897705932595
t280,0.0,8388.022375904475,8388.022375904475
t281,0.0,6713.1238140510595,6713.1238140510595
t282,0.0,2353.0586803745705,2353.0586803745705
t283,0.0,1438.9663148276659,1438.9663148276659
t284,0.0,2002.980753143846,2002.980753143846
t285,0.0,2994.8682136309085,2994.8682136309085
t286,0.0,4764.706623519607,4764.706623519607
t287,0.0,7215.252114134719,7215.252114134719
t288,0.0,9335.168451253636,9335.168451253636
t289,0.0,10657.685065237405,10657.685065237405
t290,0.0,11357.840919698363,11357.840919698363
t291,0.0,11649.572525723968,11649.572525723968
t292,0.0,11591.226204518845,11591.226204518845
t293,0.0,10949.416671262508,10949.416671262508
t294,0.0,9004.539297758449,9004.539297758449
t295,0.0,5484.311251716103,5484.311251716103
t296,0.0,4342.475920424786,4342.475920424786
t297,0.0,5867.139025296327,5867.139025296327
t298,0.0,6978.295410540564,6978.295410540564
t299,0.0,7635.613121811123,7635.613121811123
t300,0.0,8010.273653500354,8010.273653500354
t301,0.0,8574.382823213266,8574.382823213266
t302,0.0,8869.946475757122,8869.946475757122
t303,0.0,9066.803464058772,9066.803464058772
t304,0.0,8544.118404044117,8544.118404044117
t305,0.0,6352.061416723112,6352.061416723112
t306,0.0,3053.2145348360423,3053.2145348360423
t307,0.0,2703.136607605303,2703.136607605303
t308,0.0,3519.985104477014,3519.985104477014
t309,0.0,4570.218886169205,4570.218886169205
t310,0.0,6048.325690032279,6048.325690032279
t311,0.0,7993.203063535535,7993.203063535535
t312,0.0,9918.631663305363,9918.631663305363
t313,0.0,11377.289693433402,11377.289693433402
t314,0.0,12194.13819030511,12194.13819030511
t315,0.0,12680.357533681123,12680.357533681123
t316,0.0,12855.396497296491,12855.396497296491
t317,0.0,12660.908759946084,12660.908759946084
t318,0.0,11902.406584279504,11902.406584279504
t319,0.0,10502.094875356583,10502.094875356583
t320,0.0,8985.090524023413,8985.090524023413
t321,0.0,8321.510575439617,8321.510575439617
t322,0.0,7571.3352821634735,7571.3352821634735
t323,0.0,7332.877622027206,7332.877622027206
t324,0.0,7215.755905599501,7215.755905599501
t325,0.0,7234.017017999375,7234.017017999375
t326,0.0,7225.9920059125925,7225.9920059125925
t327,0.0,7367.1214042755755,7367.1214042755755
t328,0.0,7624.865810424995,7624.865810424995
t329,0.0,6460.993169287457,6460.993169287457
t330,0.0,3481.0875570077255,3481.0875570077255
t331,0.0,3111.560856041161,3111.560856041161
t332,0.0,3928.4093529128663,3928.4093529128663
t333,0.0,4842.5017184597655,4842.5017184597655
t334,0.0,6048.325690032279,6048.325690032279
t335,0.0,7545.881267630403,7545.881267630403
t336,0.0,9101.78316643365,9101.78316643365
t337,0.0,13517.55387195728,13517.55387195728
t338,0.0,14252.522499224402,14252.522499224402
t339,0.0,14599.591017655479,14599.591017655479
t340,0.0,14599.591017656698,14599.591017656698
t341,0.0,14027.948752003897,14027.948752003897
t342,0.0,12068.032412624898,12068.032412624898
t343,0.0,8425.643560656543,8425.643560656543
t344,0.0,7778.550818056221,7778.550818056221
t345,0.0,7836.741228838548,7836.741228838548
t346,0.0,8009.278284849119,8009.278284849119
t347,0.0,7872.667843536316,7872.667843536316
t348,0.0,7750.098536727257,7750.098536727257
t349,0.0,7769.674451926899,7769.674451926899
t350,0.0,7694.247832141944,7694.247832141944
t351,0.0,7757.909156672479,7757.909156672479
t352,0.0,7959.424335562796,7959.424335562796
t353,0.0,7712.20017208902,7712.20017208902
t354,0.0,6722.736144427304,6722.736144427304
t355,0.0,5085.830453586629,5085.830453586629
t356,0.0,3636.3089942548463,3636.3089942548463
t357,0.0,4269.198645512646,4269.198645512646
t358,0.0,6372.025551304693,6372.025551304693
t359,0.0,9066.910517950806,9066.910517950806
t360,0.0,11475.974351770821,11475.974351770821
t361,0.0,13027.574787112526,13027.574787112526
t362,0.0,13844.206595187108,13844.206595187108
t363,0.0,14232.106704022537,14232.106704022537
t364,0.0,14354.60147523372,14354.60147523372
t365,0.0,13803.37500478338,13803.37500478338
t366,0.0,11986.369231817433,11986.369231817433
t367,0.0,8513.189036475886,8513.189036475886
t368,0.0,8272.381846779946,8272.381846779946
t369,0.0,8646.687210070684,8646.687210070684
t370,0.0,8768.15222764022,8768.15222764022
t371,0.0,8498.63934924387,8498.63934924387
t372,0.0,8308.915300328226,8308.915300328226
t373,0.0,8196.114419744874,8196.114419744874
t374,0.0,7943.010275229388,7943.010275229388
t375,0.0,7913.238609487823,7913.238609487823
t376,0.0,7841.618930578829,7841.618930578829
t377,0.0,7342.882514880256,7342.882514880256
t378,0.0,6254.522074537519,6254.522074537519
t379,0.0,4779.593525559256,4779.593525559256
t380,0.0,3350.4878614287436,3350.4878614287436
t381,0.0,3840.4669462734855,3840.4669462734855
t382,0.0,5841.214876056216,5841.214876056216
t383,0.0,8638.17881871165,8638.17881871165
t384,0.0,11047.242652531504,11047.242652531504
t385,0.0,12700.922063882696,12700.922063882696
t386,0.0,13578.801257562869,13578.801257562869
t387,0.0,14068.78034240762,14068.78034240762
t388,0.0,14211.69090882067,14211.69090882067
t389,0.0,13742.127619177789,13742.127619177789
t390,0.0,12027.200822221172,12027.200822221172
t391,0.0,8926.417988551639,8926.417988551639
t392,0.0,8383.521727445905,8383.521727445905
t393,0.0,8404.618794911865,8404.618794911865
t394,0.0,8207.863005172978,8207.863005172978
t395,0.0,7995.169277066651,7995.169277066651
t396,0.0,7499.613684633887,7499.613684633887
t397,0.0,7370.903469941424,7370.903469941424
t398,0.0,7153.24284359997,7153.24284359997
t399,0.0,7186.929198188138,7186.929198188138
t400,0.0,7135.06966919684,7135.06966919684
t401,0.0,6713.050145122876,6713.050145122876
t402,0.0,5766.925454540628,5766.925454540628
t403,0.0,4350.861826320108,4350.861826320108
t404,0.0,3044.250933400772,3044.250933400772
t405,0.0,3534.2300182455224,3534.2300182455224
t406,0.0,5514.562152826387,5514.562152826387
t407,0.0,8250.278709876235,8250.278709876235
t408,0.0,10761.42151970557,10761.42151970557
t409,0.0,12292.606159845413,12292.606159845413
t410,0.0,13313.395919938634,13313.395919938634
t411,0.0,13823.790799985247,13823.790799985247
t412,0.0,13987.117161600165,13987.117161600165
t413,0.0,13599.217052764738,13599.217052764738
t414,0.0,11904.706051009982,11904.706051009982
t415,0.0,9181.981544541297,9181.981544541297
t416,0.0,8523.42412378346,8523.42412378346
t417,0.0,8459.436874064762,8459.436874064762
t418,0.0,8062.301874496258,8062.301874496258
t419,0.0,7529.415692861082,7529.415692861082
t420,0.0,7168.320497119697,7168.320497119697
t421,0.0,7094.86460481592,7094.86460481592
t422,0.0,6726.580396405618,6726.580396405618
t423,0.0,6644.52813256933,6644.52813256933
t424,0.0,6504.449497956917,6504.449497956917
t425,0.0,6062.005155168947,6062.005155168947
t426,0.0,4979.06651596746,4979.06651596746
t427,0.0,3922.130127080946,3922.130127080946
t428,0.0,2717.598210170938,2717.598210170938
t429,0.0,3125.914114208234,3125.914114208234
t430,0.0,5065.414658384556,5065.414658384556
t431,0.0,7862.378601040803,7862.378601040803
t432,0.0,10353.105615669072,10353.105615669072
t433,0.0,11965.953436615575,11965.953436615575
t434,0.0,12966.327401506938,12966.327401506938
t435,0.0,13578.801257562869,13578.801257562869
t436,0.0,13782.959209581517,13782.959209581517
t437,0.0,13415.474895947955,13415.474895947955
t438,0.0,11823.042870202516,11823.042870202516
t439,0.0,9340.919294264822,9340.919294264822
t440,0.0,8628.700941409776,8628.700941409776
t441,0.0,8561.765395078577,8561.765395078577
t442,0.0,8188.786693149337,8188.786693149337
t443,0.0,7983.205803801209,7983.205803801209
t444,0.0,7892.422457954778,7892.422457954778
t445,0.0,8096.559903242322,8096.559903242322
t446,0.0,8035.279096584349,8035.279096584349
t447,0.0,8278.061900068375,8278.061900068375
t448,0.0,8460.03787015419,8460.03787015419
t449,0.0,7986.271593606342,7986.271593606342
t450,0.0,7330.307075772047,7330.307075772047
t451,0.0,6127.036008882321,6127.036008882321
t452,0.0,5065.414658385368,5065.414658385368
t453,0.0,5555.393743230119,5555.393743230119
t454,0.0,7066.162588168095,7066.162588168095
t455,0.0,9107.74210835454,9107.74210835454
t456,0.0,11251.400604550317,11251.400604550317
t457,0.0,12884.664220699477,12884.664220699477
t458,0.0,13885.038185590833,13885.038185590833
t459,0.0,14456.680451243046,14456.680451243046
t460,0.0,14762.917379271015,14762.917379271015
t461,0.0,14762.917379271015,14762.917379271015
t462,0.0,14191.275113618807,14191.275113618807
t463,0.0,13164.10489814756,13164.10489814756
t464,0.0,13064.242344568562,13064.242344568562
t465,0.0,11960.919991655579,11960.919991655579
t466,0.0,10970.481977651425,10970.481977651425
t467,0.0,10598.675539161792,10598.675539161792
t468,0.0,10308.41264084371,10308.41264084371
t469,0.0,10699.86942260287,10699.86942260287
t470,0.0,11324.164451309734,11324.164451309734
t471,0.0,10802.586924623827,10802.586924623827
t472,0.0,10520.527108023804,10520.527108023804
t473,0.0,10055.603563238605,10055.603563238605
t474,0.0,8819.09524543316,8819.09524543316
t475,0.0,7678.63644422402,7678.63644422402
t476,0.0,6739.509864938251,6739.509864938251
t477,0.0,7168.241564177407,7168.241564177407
t478,0.0,8434.02086669301,8434.02086669301
t479,0.0,10108.116073245896,10108.116073245896
t480,0.0,11843.458665404389,11843.458665404389
t481,0.0,13272.564329534904,13272.564329534904
t482,0.0,14232.106704022537,14232.106704022537
t483,0.0,14701.669993665417,14701.669993665417
t484,0.0,14946.659536087793,14946.659536087793
t485,0.0,14885.412150482203,14885.412150482203
t486,0.0,14517.927836848618,14517.927836848618
t487,0.0,13640.048643168468,13640.048643168468
t488,0.0,12932.842556817157,12932.842556817157
t489,0.0,11398.453462209616,11398.453462209616
t490,0.0,10015.12414379445,10015.12414379445
t491,0.0,9358.56005956066,9358.56005956066
t492,0.0,8838.633274838628,8838.633274838628
t493,0.0,8689.733130080147,8689.733130080147
t494,0.0,8922.260516703103,8922.260516703103
t495,0.0,9544.958313273191,9544.958313273191
t496,0.0,9793.315477107968,9793.315477107968
t497,0.0,9119.02050942129,9119.02050942129
t498,0.0,7463.183423508372,7463.183423508372
t499,0.0,6127.036008882318,6127.036008882318
t500,0.0,5065.414658385358,5065.414658385358
t501,0.0,5616.641128835698,5616.641128835698
t502,0.0,7433.646901801652,7433.646901801652
t503,0.0,9618.136988401153,9618.136988401153
t504,0.0,11618.88491818388,11618.88491818388
t505,0.0,14136.109098262445,14136.109098262445
t506,0.0,14719.019055859202,14719.019055859202
t507,0.0,14932.75270697799,14932.75270697799
t508,0.0,14932.752706978019,14932.752706978019
t509,0.0,14310.982085541464,14310.982085541464
t510,0.0,12387.379225472174,12387.379225472174
t511,0.0,10110.764602323614,10110.764602323614
t512,0.0,8788.87451181583,8788.87451181583
t513,0.0,8561.905210918385,8561.905210918385
t514,0.0,8559.08935352219,8559.08935352219
t515,0.0,8360.218148605836,8360.218148605836
t516,0.0,8354.447456068523,8354.447456068523
t517,0.0,8565.618409100129,8565.618409100129
t518,0.0,8609.455416837938,8609.455416837938
t519,0.0,9012.542300999557,9012.542300999557
t520,0.0,9378.086775028389,9378.086775028389
t521,0.0,9081.979570684602,9081.979570684602
t522,0.0,8154.345344376711,8154.345344376711
t523,0.0,6440.173949693857,6440.173949693857
t524,0.0,5275.877742791722,5275.877742791722
t525,0.0,5217.5867470320445,5217.5867470320445
t526,0.0,7044.037947501885,7044.037947501885
t527,0.0,9550.550765167947,9550.550765167947
t528,0.0,11862.76026363509,11862.76026363509
t529,0.0,13261.744161867311,13261.744161867311
t530,0.0,13961.236110983416,13961.236110983416
t531,0.0,14291.551753621576,14291.551753621576
t532,0.0,14310.98208554147,14310.98208554147
t533,0.0,13708.641796024822,13708.641796024822
t534,0.0,11862.760263635086,11862.760263635086
t535,0.0,9718.984007404793,9718.984007404793
t536,0.0,8873.203409264876,8873.203409264876
t537,0.0,8953.27947387185,8953.27947387185
t538,0.0,9001.390082495851,9001.390082495851
t539,0.0,8914.292169102075,8914.292169102075
t540,0.0,9109.230512206626,9109.230512206626
t541,0.0,9209.018488002803,9209.018488002803
t542,0.0,9233.582532743992,9233.582532743992
t543,0.0,9489.390382053707,9489.390382053707
t544,0.0,9659.251573945541,9659.251573945541
t545,0.0,9417.418756175945,9417.418756175945
t546,0.0,8372.617961510085,8372.617961510085
t547,0.0,6740.620504629761,6740.620504629761
t548,0.0,5567.332721590885,5567.332721590885
t549,0.0,5470.181061990643,5470.181061990643
t550,0.0,7257.771598620701,7257.771598620701
t551,0.0,9764.28441628676,9764.28441628676
t552,0.0,12037.63325091331,12037.63325091331
t553,0.0,13417.18681722644,13417.18681722644
t554,0.0,14136.109098262445,14136.109098262445
t555,0.0,14466.424740900606,14466.424740900606
t556,0.0,14466.424740900606,14466.424740900606
t557,0.0,13902.94511522374,13902.94511522374
t558,0.0,12037.633250914118,12037.633250914118
t559,0.0,10444.02161484658,10444.02161484658
t560,0.0,9352.068738602233,9352.068738602233
t561,0.0,9386.57421649969,9386.57421649969
t562,0.0,9323.209795448847,9323.209795448847
t563,0.0,9114.863298755356,9114.863298755356
t564,0.0,9005.681435439643,9005.681435439643
t565,0.0,9205.229807898384,9205.229807898384
t566,0.0,9427.904093795229,9427.904093795229
t567,0.0,9461.237586196836,9461.237586196836
t568,0.0,9628.258133667568,9628.258133667568
t569,0.0,10060.980588045853,10060.980588045853
t570,0.0,8549.214263273909,8549.214263273909
t571,0.0,6566.00132705076,6566.00132705076
t572,0.0,5431.320398150072,5431.320398150072
t573,0.0,5431.32039815086,5431.32039815086
t574,0.0,7160.619939021236,7160.619939021236
t575,0.0,9608.841760927628,9608.841760927628
t576,0.0,11843.329931715201,11843.329931715201
t577,0.0,13300.604825707094,13300.604825707094
t578,0.0,14058.387770582878,14058.387770582878
t579,0.0,14408.13374514093,14408.13374514093
t580,0.0,14408.13374514093,14408.13374514093
t581,0.0,13883.514783303852,13883.514783303852
t582,0.0,12018.202918994228,12018.202918994228
t583,0.0,10434.604541638626,10434.604541638626
t584,0.0,9400.985824164,9400.985824164
t585,0.0,9038.701506685791,9038.701506685791
t586,0.0,8937.202809906732,8937.202809906732
t587,0.0,8829.460477523045,8829.460477523045
t588,0.0,9035.547835295303,9035.547835295303
t589,0.0,9075.825904456642,9075.825904456642
t590,0.0,8897.906212672782,8897.906212672782
t591,0.0,9102.732856474906,9102.732856474906
t592,0.0,9234.943684707925,9234.943684707925
t593,0.0,9014.795505833532,9014.795505833532
t594,0.0,8005.0316113730505,8005.0316113730505
t595,0.0,6536.384879227076,6536.384879227076
t596,0.0,5547.902389670209,5547.902389670209
t597,0.0,5411.890066230964,5411.890066230964
t598,0.0,7005.177283662102,7005.177283662102
t599,0.0,9375.677777888926,9375.677777888926
t600,0.0,11629.596280596385,11629.596280596385
t601,0.0,13048.010510748501,13048.010510748501
t602,0.0,13747.502459864601,13747.502459864601
t603,0.0,14097.24843442266,14097.24843442266
t604,0.0,14097.248434422656,14097.248434422656
t605,0.0,13553.199140665687,13553.199140665687
t606,0.0,11746.178272115734,11746.178272115734
t607,0.0,10700.867583082481,10700.867583082481
t608,0.0,9811.992681741747,9811.992681741747
t609,0.0,9895.252133409314,9895.252133409314
t610,0.0,9842.869410825308,9842.869410825308
t611,0.0,9726.267118983762,9726.267118983762
t612,0.0,9899.658217145068,9899.658217145068
t613,0.0,10184.835624897976,10184.835624897976
t614,0.0,10348.175122790544,10348.175122790544
t615,0.0,10650.605146432337,10650.605146432337
t616,0.0,10942.062188401209,10942.062188401209
t617,0.0,10985.580755260518,10985.580755260518
t618,0.0,10349.431148249725,10349.431148249725
t619,0.0,9225.81882257057,9225.81882257057
t620,0.0,7432.644585899724,7432.644585899724
t621,0.0,6985.746951742211,6985.746951742211
t622,0.0,8268.148858455079,8268.148858455079
t623,0.0,10172.321386604486,10172.321386604486
t624,0.0,12231.936570113032,12231.936570113032
t625,0.0,13669.781132185019,13669.781132185019
t626,0.0,14505.285404740393,14505.285404740393
t627,0.0,14991.043702737694,14991.043702737694
t628,0.0,15088.195362337152,15088.195362337152
t629,0.0,14913.32237505812,14913.32237505812
t630,0.0,14194.40009402212,14194.40009402212
t631,0.0,15209.092129308581,15209.092129308581
t632,0.0,14428.998350415111,14428.998350415111
t633,0.0,13481.21068427206,13481.21068427206
t634,0.0,12387.986505926126,12387.986505926126
t635,0.0,12069.81836595231,12069.81836595231
t636,0.0,12321.097691564519,12321.097691564519
t637,0.0,12643.288475120327,12643.288475120327
t638,0.0,12782.283465908937,12782.283465908937
t639,0.0,12795.097410956982,12795.097410956982
t640,0.0,12385.134261596117,12385.134261596117
t641,0.0,11939.211768742338,11939.211768742338
t642,0.0,11120.305740735641,11120.305740735641
t643,0.0,10234.739563981673,10234.739563981673
t644,0.0,8909.349811811508,8909.349811811508
t645,0.0,8520.743173413672,8520.743173413672
t646,0.0,9647.702424767402,9647.702424767402
t647,0.0,11357.57163371786,11357.57163371786
t648,0.0,13048.010510748501,13048.010510748501
t649,0.0,14408.13374514093,14408.13374514093
t650,0.0,15263.068349616178,15263.068349616178
t651,0.0,15768.256979533366,15768.256979533366
t652,0.0,15962.560298732287,15962.560298732287
t653,0.0,15923.699634892488,15923.699634892488
t654,0.0,15554.52332841455,15554.52332841455
t655,0.0,16852.518530561272,16852.518530561272
t656,0.0,16549.832528730836,16549.832528730836
t657,0.0,15287.507945066778,15287.507945066778
t658,0.0,14107.166147809467,14107.166147809467
t659,0.0,13474.118962201468,13474.118962201468
t660,0.0,12971.977981536726,12971.977981536726
t661,0.0,12938.685826857683,12938.685826857683
t662,0.0,13142.536016105145,13142.536016105145
t663,0.0,12879.292315297802,12879.292315297802
t664,0.0,12304.554015080037,12304.554015080037
t665,0.0,11957.530065693149,11957.530065693149
t666,0.0,10615.565420268773,10615.565420268773
t667,0.0,9099.663469980102,9099.663469980102
t668,0.0,8015.554543496485,8015.554543496485
t669,0.0,7626.947905097839,7626.947905097839
t670,0.0,9006.501471410966,9006.501471410966
t671,0.0,10910.673999561177,10910.673999561177
t672,0.0,12737.125200030228,12737.125200030228
t673,0.0,12299.966938660162,12299.966938660162
t674,0.0,13321.157350862768,13321.157350862768
t675,0.0,13812.114279806323,13812.114279806323
t676,0.0,13969.220497067454,13969.220497067454
t677,0.0,13576.454953913419,13576.454953913419
t678,0.0,13159.807951632563,13159.807951632563
t679,0.0,10932.471193063195,10932.471193063195
t680,0.0,8599.943564509862,8599.943564509862
t681,0.0,7332.557470900248,7332.557470900248
t682,0.0,6415.1405326497925,6415.1405326497925
t683,0.0,5682.905698165107,5682.905698165107
t684,0.0,5324.08411679315,5324.08411679315
t685,0.0,5119.375840628836,5119.375840628836
t686,0.0,4878.709705978548,4878.709705978548
t687,0.0,4820.587778171378,4820.587778171378
t688,0.0,4811.011250267514,4811.011250267514
t689,0.0,4549.274081351326,4549.274081351326
t690,0.0,4530.425553037773,4530.425553037773
t691,0.0,4588.243797794814,4588.243797794814
t692,0.0,3757.316375042188,3757.316375042188
t693,0.0,3619.84843493799,3619.84843493799
t694,0.0,4660.677124298338,4660.677124298338
t695,0.0,7468.950757856314,7468.950757856314
t696,0.0,10159.39472846622,10159.39472846622
t697,0.0,11926.83967266224,11926.83967266224
t698,0.0,12987.306639181144,12987.306639181144
t699,0.0,13497.901845282448,13497.901845282448
t700,0.0,13694.28461685987,13694.28461685987
t701,0.0,13242.604242231795,13242.604242231795
t702,0.0,13059.93935434704,13059.93935434704
t703,0.0,10997.09483910804,10997.09483910804
t704,0.0,8699.170571490758,8699.170571490758
t705,0.0,7403.716543181279,7403.716543181279
t706,0.0,6364.829552914526,6364.829552914526
t707,0.0,5537.091948090565,5537.091948090565
t708,0.0,4994.522401376543,4994.522401376543
t709,0.0,4715.024499861271,4715.024499861271
t710,0.0,4292.429039355196,4292.429039355196
t711,0.0,4548.997261220494,4548.997261220494
t712,0.0,4465.38215958179,4465.38215958179
t713,0.0,4087.3435216526123,4087.3435216526123
t714,0.0,3853.3919399962224,3853.3919399962224
t715,0.0,3676.116206148676,3676.116206148676
t716,0.0,3698.4015435689507,3698.4015435689507
t717,0.0,3521.657049149277,3521.657049149277
t718,0.0,4739.230232929303,4739.230232929303
t719,0.0,7390.397649224533,7390.397649224533
t720,0.0,9923.735402573313,9923.735402573313
t721,0.0,11592.988960981427,11592.988960981427
t722,0.0,12555.264541710809,12555.264541710809
t723,0.0,13065.859747812112,13065.859747812112
t724,0.0,13222.965965074049,13222.965965074049
t725,0.0,12869.476976234684,12869.476976234684
t726,0.0,11435.920929378926,11435.920929378926
t727,0.0,8519.801776404123,8519.801776404123
t728,0.0,5953.909922955149,5953.909922955149
t729,0.0,4974.2841787223715,4974.2841787223715
t730,0.0,4804.207282504992,4804.207282504992
t731,0.0,4624.197246009119,4624.197246009119
t732,0.0,4666.378317942313,4666.378317942313
t733,0.0,4441.760952608133,4441.760952608133
t734,0.0,4638.259834899891,4638.259834899891
t735,0.0,4946.788688150778,4946.788688150778
t736,0.0,4870.186623070436,4870.186623070436
t737,0.0,4910.47700644259,4910.47700644259
t738,0.0,4849.606118510009,4849.606118510009
t739,0.0,4853.431496147536,4853.431496147536
t740,0.0,4174.8601672406385,4174.8601672406385
t741,0.0,4012.613978097448,4012.613978097448
t742,0.0,4857.059895875763,4857.059895875763
t743,0.0,7410.035926381477,7410.035926381477
t744,0.0,9982.650234047343,9982.650234047343
t745,0.0,11769.733455401109,11769.733455401109
t746,0.0,12830.200421919206,12830.200421919206
t747,0.0,13458.625290966958,13458.625290966958
t748,0.0,13655.008062544384,13655.008062544384
t749,0.0,13321.157350862768,13321.157350862768
t750,0.0,13462.544671720272,13462.544671720272
t751,0.0,11403.84902938918,11403.84902938918
t752,0.0,9308.388112126879,9308.388112126879
t753,0.0,8186.4012706440335,8186.4012706440335
t754,0.0,7499.296931189798,7499.296931189798
t755,0.0,6896.537769385259,6896.537769385259
t756,0.0,6605.683817208246,6605.683817208246
t757,0.0,6490.040924548634,6490.040924548634
t758,0.0,6286.750131832757,6286.750131832757
t759,0.0,6164.44225366885,6164.44225366885
t760,0.0,6062.126010451105,6062.126010451105
t761,0.0,5906.828694216269,5906.828694216269
t762,0.0,5804.146559933212,5804.146559933212
t763,0.0,5687.399830138599,5687.399830138599
t764,0.0,5011.770156270807,5011.770156270807
t765,0.0,4248.273303984952,4248.273303984952
t766,0.0,4798.145064402535,4798.145064402535
t767,0.0,7410.035926382286,7410.035926382286
t768,0.0,10080.841619835257,10080.841619835257
t769,0.0,11966.116226978535,11966.116226978535
t770,0.0,13144.412856443085,13144.412856443085
t771,0.0,13772.83772549084,13772.83772549084
t772,0.0,14008.497051383752,14008.497051383752
t773,0.0,13713.92289401761,13713.92289401761
t774,0.0,14371.557415407628,14371.557415407628
t775,0.0,12494.934351613925,12494.934351613925
t776,0.0,10194.185274646241,10194.185274646241
t777,0.0,8670.901714462763,8670.901714462763
t778,0.0,7597.638617110111,7597.638617110111
t779,0.0,6804.749428022741,6804.749428022741
t780,0.0,6291.807394832883,6291.807394832883
t781,0.0,6165.505933727123,6165.505933727123
t782,0.0,6025.653649885049,6025.653649885049
t783,0.0,6030.623829954391,6030.623829954391
t784,0.0,6034.716174124382,6034.716174124382
t785,0.0,5989.004326407682,5989.004326407682
t786,0.0,6062.6776345735225,6062.6776345735225
t787,0.0,6159.42472680828,6159.42472680828
t788,0.0,5719.302379875425,5719.302379875425
t789,0.0,5151.634053241899,5151.634053241899
t790,0.0,5642.590982185461,5642.590982185461
t791,0.0,7861.716301010364,7861.716301010364
t792,0.0,10296.862668570424,10296.862668570424
t793,0.0,12221.413830029192,12221.413830029192
t794,0.0,13360.43390517825,13360.43390517825
t795,0.0,14008.497051383752,14008.497051383752
t796,0.0,14361.98604022312,14361.98604022312
t797,0.0,14440.539148854088,14440.539148854088
t798,0.0,16036.057948528387,16036.057948528387
t799,0.0,15773.31188738511,15773.31188738511
t800,0.0,14053.274142921011,14053.274142921011
t801,0.0,11948.840179499657,11948.840179499657
t802,0.0,10477.502208344336,10477.502208344336
t803,0.0,9669.677049463877,9669.677049463877
t804,0.0,9415.520080189259,9415.520080189259
t805,0.0,9399.23981349699,9399.23981349699
t806,0.0,9686.015980216693,9686.015980216693
t807,0.0,9864.75401658236,9864.75401658236
t808,0.0,9872.249018085506,9872.249018085506
t809,0.0,9684.626509700844,9684.626509700844
t810,0.0,9306.013600534201,9306.013600534201
t811,0.0,8930.804099458743,8930.804099458743
t812,0.0,7733.993315294106,7733.993315294106
t813,0.0,7331.482817751312,7331.482817751312
t814,0.0,7586.780420801964,7586.780420801964
t815,0.0,9295.310533525566,9295.310533525566
t816,0.0,11376.967912246262,11376.967912246262
t817,0.0,13006.94491633889,13006.94491633889
t818,0.0,14028.135328541493,14028.135328541493
t819,0.0,14636.921920431514,14636.921920431514
t820,0.0,15010.049186428621,15010.049186428621
t821,0.0,15068.964017901844,15068.964017901844
t822,0.0,16705.948123905942,16705.948123905942
t823,0.0,17034.96008239246,17034.96008239246
t824,0.0,15952.233580790307,15952.233580790307
t825,0.0,14160.758199155285,14160.758199155285
t826,0.0,12756.306559322209,12756.306559322209
t827,0.0,11856.814674435465,11856.814674435465
t828,0.0,11420.766295622634,11420.766295622634
t829,0.0,11210.271317274155,11210.271317274155
t830,0.0,11300.216174189369,11300.216174189369
t831,0.0,11300.96901873084,11300.96901873084
t832,0.0,11197.557833601353,11197.557833601353
t833,0.0,10829.160876570835,10829.160876570835
t834,0.0,10246.603551747537,10246.603551747537
t835,0.0,9533.979081443433,9533.979081443433
t836,0.0,8520.899435839465,8520.899435839465
t837,0.0,7292.206263435828,7292.206263435828
t838,0.0,7586.780420801968,7586.780420801968
t839,0.0,9648.799522364921,9648.799522364921
t840,0.0,11887.563118347569,11887.563118347569
t841,0.0,7974.899148138686,7974.899148138686
t842,0.0,9572.946152421271,9572.946152421271
t843,0.0,10600.262083745796,10600.262083745796
t844,0.0,11151.968787605269,11151.968787605269
t845,0.0,11113.920049408063,11113.920049408063
t846,0.0,11796.722091976082,11796.722091976082
t847,0.0,10431.000437884568,10431.000437884568
t848,0.0,8091.964191968369,8091.964191968369
t849,0.0,6234.280220884024,6234.280220884024
t850,0.0,4702.932338428098,4702.932338428098
t851,0.0,3482.7366032967943,3482.7366032967943
t852,0.0,2634.8474853284156,2634.8474853284156
t853,0.0,1987.5381683551054,1987.5381683551054
t854,0.0,1338.708203591278,1338.708203591278
t855,0.0,929.6878570209323,929.6878570209323
t856,0.0,619.0472464734135,619.0472464734135
t857,18.43522100435091,297.699530182485,316.1347511868359
t858,0.0,97.49773433455822,97.49773433455822
t859,0.0,275.69158394468144,275.69158394468144
t860,0.0,350.80138615048804,350.80138615048804
t861,0.0,231.98092500754942,231.98092500754942
t862,0.0,1335.394332726489,1335.394332726489
t863,0.0,4303.195912108447,4303.195912108447
t864,0.0,7328.070598786207,7328.070598786207
t865,0.0,9515.873045125207,9515.873045125207
t866,0.0,10904.651989323436,10904.651989323436
t867,0.0,11779.772967859146,11779.772967859146
t868,0.0,12179.284718929794,12179.284718929794
t869,0.0,12065.138504338178,12065.138504338178
t870,0.0,12709.072948431016,12709.072948431016
t871,0.0,11344.855907289782,11344.855907289782
t872,0.0,9050.069762627925,9050.069762627925
t873,0.0,7176.30120563927,7176.30120563927
t874,0.0,5660.477305765491,5660.477305765491
t875,0.0,4258.59225201475,4258.59225201475
t876,0.0,3266.8244248403034,3266.8244248403034
t877,0.0,2635.450000598416,2635.450000598416
t878,0.0,1792.8996784659519,1792.8996784659519
t879,0.0,1089.7794004771067,1089.7794004771067
t880,0.0,692.3703546322956,692.3703546322956
t881,0.0,286.3145434349257,286.3145434349257
t882,0.0,120.75815096957051,120.75815096957051
t883,0.0,172.40675459435417,172.40675459435417
t884,0.0,67.64369771276722,67.64369771276722
t885,0.0,60.76160312013662,60.76160312013662
t886,0.0,935.8825816558405,935.8825816558405
t887,0.0,3808.562315544786,3808.562315544786
t888,0.0,6738.315156729541,6738.315156729541
t889,0.0,8888.068864871597,8888.068864871597
t890,0.0,10257.823439970954,10257.823439970954
t891,0.0,11075.871311210865,11075.871311210865
t892,0.0,11456.358693182907,11456.358693182907
t893,0.0,11304.163740394084,11304.163740394084
t894,0.0,11769.6873937068,11769.6873937068
t895,0.0,10406.89974844289,10406.89974844289
t896,0.0,8024.013041492237,8024.013041492237
t897,0.0,5937.107766458513,5937.107766458513
t898,0.0,4219.58634920928,4219.58634920928
t899,0.0,2683.6165331692987,2683.6165331692987
t900,0.0,1413.1030282523793,1413.1030282523793
t901,0.0,503.3455358318204,503.3455358318204
t902,732.5317860953639,95.54903319821534,828.0808192935792
t903,58.86005868860695,0.0,58.86005868860695
t904,0.0,0.0,0.0
t905,103.19815656789692,826.2461240241928,929.4442805920897
t906,222.39250561586033,54.85378820410494,277.2462938199653
t907,556.755101098476,1398.4023403061472,1955.1574414046231
t908,0.0,1665.8596480061065,1665.8596480061065
t909,0.0,1373.7790072191822,1373.7790072191822
t910,0.0,423.0818936119679,423.0818936119679
t911,0.0,2514.9052168398284,2514.9052168398284
t912,0.0,5615.877379912003,5615.877379912003
t913,0.0,7841.728564448474,7841.728564448474
t914,0.0,9325.62935413945,9325.62935413945
t915,0.0,10314.89654726677,10314.89654726677
t916,0.0,10828.55451292903,10828.55451292903
t917,0.0,10714.40829833742,10714.40829833742
t918,0.0,11123.99276773856,11123.99276773856
t919,0.0,9602.431243189376,9602.431243189376
t920,0.0,7146.731329288951,7146.731329288951
t921,0.0,4964.064727896512,4964.064727896512
t922,0.0,3016.034506666946,3016.034506666946
t923,0.0,1089.1700514262955,1089.1700514262955
t924,559.4768220474358,0.0,559.4768220474358
t925,0.0,1852.7738575856474,1852.7738575856474
t926,79.74885198955445,2181.409769422147,2261.1586214117015
t927,0.0,1260.1448110214822,1260.1448110214822
t928,0.0,824.8230551417485,824.8230551417485
t929,0.0,457.33121202244,457.33121202244
t930,0.0,422.16121983298893,422.16121983298893
t931,60.816615206325004,689.4957353613526,750.3123505676775
t932,637.9615579722469,64.78160398580032,702.7431619580472
t933,18.43522100435091,2867.731614316249,2886.1668353205996
t934,0.0,1626.0047720537616,1626.0047720537616
t935,0.0,1487.5892855153056,1487.5892855153056
t936,0.0,4664.658924981881,4664.658924981881
t937,0.0,7118.8025387015805,7118.8025387015805
t938,0.0,8697.82517388557,8697.82517388557
t939,0.0,9649.043628815683,9649.043628815683
t940,0.0,10181.725963576542,10181.725963576542
t941,0.0,10067.579748984932,10067.579748984932
t942,0.0,10433.2333836461,10433.2333836461
t943,0.0,9062.033129790847,9062.033129790847
t944,0.0,6469.710837795432,6469.710837795432
t945,0.0,4123.690313931051,4123.690313931051
t946,0.0,1928.8835338526349,1928.8835338526349
t947,490.4651538611207,53.32138663155421,543.7865404926749
t948,0.0,1562.5551723603069,1562.5551723603069
t949,0.0,1299.0818776634471,1299.0818776634471
t950,0.0,1573.5092625295265,1573.5092625295265
t951,0.0,1597.5683375192853,1597.5683375192853
t952,0.0,1553.7193098239327,1553.7193098239327
t953,0.0,1621.7329337679669,1621.7329337679669
t954,0.0,546.9668358864046,546.9668358864046
t955,0.0,367.93368861250553,367.93368861250553
t956,199.9851951800316,3003.545487688712,3203.5306828687435
t957,0.0,2421.486030378159,2421.486030378159
t958,0.0,1334.9750433984884,1334.9750433984884
t959,0.0,1430.5161782195012,1430.5161782195012
t960,0.0,4303.195912108447,4303.195912108447
t961,0.0,6567.095834842117,6567.095834842117
t962,0.0,7974.899148138689,7974.899148138689
t963,0.0,8926.117603068804,8926.117603068804
t964,0.0,9477.824306928263,9477.824306928263
t965,0.0,9649.04362881569,9649.04362881569
t966,0.0,9894.274629729449,9894.274629729449
t967,0.0,9850.54363995773,9850.54363995773
t968,0.0,8728.881710448915,8728.881710448915
t969,0.0,6506.137203610378,6506.137203610378
t970,0.0,4188.310182227444,4188.310182227444
t971,0.0,2414.126931752746,2414.126931752746
t972,0.0,1173.111963767659,1173.111963767659
t973,0.0,67.12998428499203,67.12998428499203
t974,42.64188422777732,858.4600100931611,901.1018943209384
t975,356.84622735451217,0.0,356.84622735451217
t976,91.27872166311013,1000.1051582048892,1091.3838798679994
t977,0.0,777.9464674254724,777.9464674254724
t978,0.0,211.76164564942454,211.76164564942454
t979,0.0,8.152130915242086,8.152130915242086
t980,30.53855261606064,2867.731614316249,2898.2701669323096
t981,0.0,2285.6721570057025,2285.6721570057025
t982,0.0,1431.9849529502437,1431.9849529502437
t983,0.0,1069.0531653460635,1069.0531653460635
t984,0.0,3827.5866846433914,3827.5866846433914
t985,0.0,6129.53534557427,6129.53534557427
t986,0.0,7765.631088054066,7765.631088054066
t987,0.0,8888.068864871597,8888.068864871597
t988,0.0,9610.994890618487,9610.994890618487
t989,0.0,10029.531010787734,10029.531010787734
t990,0.0,11178.779546463973,11178.779546463973
t991,0.0,11696.269854914528,11696.269854914528
t992,0.0,10299.37263006429,10299.37263006429
t993,0.0,7772.6232957151915,7772.6232957151915
t994,0.0,5111.689495928917,5111.689495928917
t995,0.0,3157.7701653178306,3157.7701653178306
t996,0.0,547.9898384521714,547.9898384521714
t997,732.5317860953639,775.4444586109888,1507.9762447063526
t998,750.187969993538,0.0,750.187969993538
t999,666.7518427670694,0.0,666.7518427670694
t1000,428.3629078343202,0.0,428.3629078343202
t1001,118.45729242179976,0.0,118.45729242179976
t1002,213.8128663948769,0.0,213.8128663948769
t1003,417.8451641908569,3085.2066430906184,3503.0518072814752
t1004,0.0,2673.711795212723,2673.711795212723
t1005,0.0,2790.1236866748336,2790.1236866748336
t1006,0.0,1509.5928805916456,1509.5928805916456
t1007,0.0,1107.1019035432557,1107.1019035432557
t1008,0.0,3789.5379464461753,3789.5379464461753
t1009,0.0,5134.920125514427,5134.920125514427
t1010,0.0,6399.988450858997,6399.988450858997
t1011,0.0,7197.954625307108,7197.954625307108
t1012,0.0,7626.131596962193,7626.131596962193
t1013,0.0,7470.430879996705,7470.430879996705
t1014,0.0,6378.839456358066,6378.839456358066
t1015,0.0,4554.020889937538,4554.020889937538
t1016,0.0,1991.6002091362102,1991.6002091362102
t1017,0.0,26.312668213003214,26.312668213003214
t1018,0.0,1197.7433889941276,1197.7433889941276
t1019,0.0,354.27747328161536,354.27747328161536
t1020,0.0,488.8898681944804,488.8898681944804
t1021,0.0,0.0,0.0
t1022,0.0,0.0,0.0
t1023,0.0,0.0,0.0
t1024,0.0,0.0,0.0
t1025,0.0,0.0,0.0
t1026,0.0,0.0,0.0
t1027,0.0,0.0,0.0
t1028,0.0,0.0,0.0
t1029,0.0,0.0,0.0
t1030,0.0,384.0712913201413,384.0712913201413
t1031,0.0,2404.9840969688553,2404.9840969688553
t1032,0.0,1184.014432515243,1184.014432515243
t1033,0.0,3694.6884935836893,3694.6884935836893
t1034,0.0,5329.546021721289,5329.546021721289
t1035,0.0,6380.525861238304,6380.525861238304
t1036,0.0,7022.791318720932,7022.791318720932
t1037,0.0,6983.866139479562,6983.866139479562
t1038,0.0,6446.680406963765,6446.680406963765
t1039,0.0,4836.971740785106,4836.971740785106
t1040,0.0,1217.8784529395941,1217.8784529395941
t1041,602.1435570286449,1762.9430912299754,2365.0866482586202
t1042,0.0,0.0,0.0
t1043,0.0,0.0,0.0
t1044,0.0,0.0,0.0
t1045,0.0,0.0,0.0
t1046,0.0,0.0,0.0
t1047,0.0,0.0,0.0
t1048,0.0,0.0,0.0
t1049,0.0,0.0,0.0
t1050,0.0,0.0,0.0
t1051,0.0,0.0,0.0
t1052,0.0,0.0,0.0
t1053,0.0,0.0,0.0
t1054,0.0,0.0,0.0
t1055,0.0,465.5510283983408,465.5510283983408
t1056,0.0,1134.6544567748874,1134.6544567748874
t1057,0.0,1242.4022013773003,1242.4022013773003
t1058,0.0,2702.096422928721,2702.096422928721
t1059,0.0,3636.300724721632,3636.300724721632
t1060,0.0,4181.253234100832,4181.253234100832
t1061,0.0,4220.178413342202,4220.178413342202
t1062,0.0,3416.3436039879834,3416.3436039879834
t1063,0.0,1761.6752584775163,1761.6752584775163
t1064,169.39287194677604,1304.2983428595066,1473.6912148062827
t1065,0.0,0.0,0.0
t1066,0.0,0.0,0.0
t1067,0.0,0.0,0.0
t1068,0.0,0.0,0.0
t1069,0.0,0.0,0.0
t1070,0.0,0.0,0.0
t1071,0.0,0.0,0.0
t1072,0.0,0.0,0.0
t1073,0.0,15.031641677388293,15.031641677388293
t1074,0.0,82.0388798011603,82.0388798011603
t1075,0.0,0.0,0.0
t1076,0.0,0.0,0.0
t1077,297.50036105908845,596.7302924363572,894.2306534954457
t1078,0.0,674.9569300239226,674.9569300239226
t1079,0.0,836.920947354422,836.920947354422
t1080,0.0,2312.8446305150096,2312.8446305150096
t1081,0.0,4745.66833310073,4745.66833310073
t1082,0.0,6458.376219721049,6458.376219721049
t1083,0.0,7567.743828100128,7567.743828100128
t1084,0.0,8248.934464824126,8248.934464824126
t1085,0.0,8287.859644065496,8287.859644065496
t1086,0.0,8596.99391046173,8596.99391046173
t1087,0.0,7653.196314898594,7653.196314898594
t1088,0.0,5865.286636769988,5865.286636769988
t1089,0.0,4620.497932925228,4620.497932925228
t1090,0.0,3767.2590999041217,3767.2590999041217
t1091,0.0,2792.9934086075687,2792.9934086075687
t1092,0.0,2110.679272973694,2110.679272973694
t1093,0.0,1627.8245434189664,1627.8245434189664
t1094,0.0,610.1841805148007,610.1841805148007
t1095,0.0,405.64010393906665,405.64010393906665
t1096,0.0,133.98336833309304,133.98336833309304
t1097,0.0,418.6881808083813,418.6881808083813
t1098,0.0,632.6176060510694,632.6176060510694
t1099,0.0,262.6833147234104,262.6833147234104
t1100,0.0,459.79183542184387,459.79183542184387
t1101,0.0,261.3028291415197,261.3028291415197
t1102,0.0,833.687819342911,833.687819342911
t1103,0.0,3519.525186997524,3519.525186997524
t1104,0.0,6341.600681996934,6341.600681996934
t1105,0.0,8463.02295065162,8463.02295065162
t1106,0.0,9689.16609675487,9689.16609675487
t1107,0.0,10467.669681582302,10467.669681582302
t1108,0.0,10817.996294754637,10817.996294754637
t1109,0.0,10603.9078089271,10603.9078089271
t1110,0.0,10658.413168368921,10658.413168368921
t1111,0.0,9614.820337795427,9614.820337795427
t1112,0.0,7799.960167215907,7799.960167215907
t1113,0.0,6335.868620228895,6335.868620228895
t1114,0.0,5356.495388384147,5356.495388384147
t1115,0.0,4640.89364501957,4640.89364501957
t1116,0.0,4660.211273496235,4660.211273496235
t1117,0.0,4934.908252333522,4934.908252333522
t1118,0.0,5028.411706105329,5028.411706105329
t1119,0.0,5402.43387631435,5402.43387631435
t1120,0.0,5735.434739657073,5735.434739657073
t1121,0.0,6095.517211871733,6095.517211871733
t1122,0.0,5603.126184562561,5603.126184562561
t1123,0.0,5327.379080316913,5327.379080316913
t1124,0.0,4477.253750525304,4477.253750525304
t1125,0.0,4220.178413338091,4220.178413338091
t1126,0.0,4901.369050066197,4901.369050066197
t1127,0.0,6964.403549858875,6964.403549858875
t1128,0.0,9280.451714720466,9280.451714720466
t1129,0.0,11109.935139064914,11109.935139064914
t1130,0.0,12297.153105926747,12297.153105926747
t1131,0.0,13017.268921892108,13017.268921892108
t1132,0.0,13406.520714305816,13406.520714305816
t1133,0.0,13484.371072788563,13484.371072788563
t1134,0.0,14453.14171465839,14453.14171465839
t1135,0.0,14643.267939986597,14643.267939986597
t1136,0.0,13343.175572312144,13343.175572312144
t1137,0.0,11297.818971948152,11297.818971948152
t1138,0.0,9606.671023946665,9606.671023946665
t1139,0.0,8498.171182958185,8498.171182958185
t1140,0.0,7711.933105571098,7711.933105571098
t1141,0.0,7432.178543725562,7432.178543725562
t1142,0.0,7228.861375889891,7228.861375889891
t1143,0.0,7037.577293696543,7037.577293696543
t1144,0.0,6826.6402049794,6826.6402049794
t1145,0.0,6377.328327486003,6377.328327486003
t1146,0.0,5831.413046795013,5831.413046795013
t1147,0.0,5335.398731372436,5335.398731372436
t1148,0.0,4531.5798472731685,4531.5798472731685
t1149,0.0,4628.892795376614,4628.892795376614
t1150,0.0,5212.770483997164,5212.770483997164
t1151,0.0,7120.10426682436,7120.10426682436
t1152,0.0,9241.52653547909,9241.52653547909
t1153,0.0,11032.084780582172,11032.084780582172
t1154,0.0,12180.377568202623,12180.377568202623
t1155,0.0,12900.493384167994,12900.493384167994
t1156,0.0,13367.595535064454,13367.595535064454
t1157,0.0,13542.758841650626,13542.758841650626
t1158,0.0,14532.827083596376,14532.827083596376
t1159,0.0,14789.629314508142,14789.629314508142
t1160,0.0,13905.59370055739,13905.59370055739
t1161,0.0,11955.692615187745,11955.692615187745
t1162,0.0,10178.826974401818,10178.826974401818
t1163,0.0,8533.385921467361,8533.385921467361
t1164,0.0,7220.727977168268,7220.727977168268
t1165,0.0,6258.47753433891,6258.47753433891
t1166,0.0,5606.890409340451,5606.890409340451
t1167,0.0,4891.288762362337,4891.288762362337
t1168,0.0,4333.793170931942,4333.793170931942
t1169,0.0,3604.2674234728406,3604.2674234728406
t1170,0.0,2810.176572116288,2810.176572116288
t1171,0.0,2211.316877429411,2211.316877429411
t1172,0.0,1670.5791730323854,1670.5791730323854
t1173,0.0,1651.116583411709,1651.116583411709
t1174,0.0,2390.6949889977645,2390.6949889977645
t1175,0.0,4667.8179746179885,4667.8179746179885
t1176,0.0,7139.566856445061,7139.566856445061
t1177,0.0,11518.649521099322,11518.649521099322
t1178,0.0,12472.316412512924,12472.316412512924
t1179,0.0,13017.268921892117,13017.268921892117
t1180,0.0,13211.894818098972,13211.894818098972
t1181,0.0,12842.105615305934,12842.105615305934
t1182,0.0,11577.037289961372,11577.037289961372
t1183,0.0,11210.696297384826,11210.696297384826
t1184,0.0,9589.102761338185,9589.102761338185
t1185,0.0,7985.154874057032,7985.154874057032
t1186,0.0,6439.717526816173,6439.717526816173
t1187,0.0,4991.557571606165,4991.557571606165
t1188,0.0,3836.406772777547,3836.406772777547
t1189,0.0,2944.8093455667895,2944.8093455667895
t1190,0.0,2616.69315393741,2616.69315393741
t1191,0.0,2370.007834396487,2370.007834396487
t1192,0.0,2041.6233299887353,2041.6233299887353
t1193,0.0,2546.2223014261835,2546.2223014261835
t1194,0.0,2208.817252610524,2208.817252610524
t1195,0.0,1711.703285892192,1711.703285892192
t1196,0.0,1417.5655079634723,1417.5655079634723
t1197,0.0,1145.0892532738771,1145.0892532738771
t1198,0.0,3032.96044647644,3032.96044647644
t1199,0.0,5757.722993376364,5757.722993376364
t1200,0.0,8346.247412927552,8346.247412927552
t1201,0.0,10195.193426892687,10195.193426892687
t1202,0.0,11246.173266409713,11246.173266409713
t1203,0.0,11907.901313513026,11907.901313513026
t1204,0.0,12180.377568202623,12180.377568202623
t1205,0.0,11830.05095503033,11830.05095503033
t1206,0.0,10370.35673347886,10370.35673347886
t1207,0.0,8394.262452968156,8394.262452968156
t1208,0.0,6981.265715281742,6981.265715281742
t1209,0.0,6184.062652002145,6184.062652002145
t1210,0.0,5136.870751405916,5136.870751405916
t1211,0.0,3928.302803750375,3928.302803750375
t1212,0.0,2937.300948017753,2937.300948017753
t1213,0.0,2155.9255724233703,2155.9255724233703
t1214,0.0,1427.53749510455,1427.53749510455
t1215,0.0,1076.0340710213477,1076.0340710213477
t1216,0.0,870.6605997329483,870.6605997329483
t1217,0.0,702.6068370131994,702.6068370131994
t1218,0.0,465.82665459641737,465.82665459641737
t1219,0.0,374.2985852118619,374.2985852118619
t1220,0.0,522.2863854119422,522.2863854119422
t1221,0.0,386.048258067144,386.048258067144
t1222,0.0,2312.8446305150096,2312.8446305150096
t1223,0.0,5193.307894376484,5193.307894376484
t1224,0.0,7918.070441260045,7918.070441260045
t1225,0.0,9883.791992961715,9883.791992961715
t1226,0.0,11090.472549444226,11090.472549444226
t1227,0.0,11849.513544650974,11849.513544650974
t1228,0.0,12238.765337064684,12238.765337064684
t1229,0.0,12024.676851237147,12024.676851237147
t1230,0.0,10740.145936271887,10740.145936271887
t1231,0.0,10458.117242343053,10458.117242343053
t1232,0.0,8635.756976918958,8635.756976918958
t1233,0.0,7013.567228998236,7013.567228998236
t1234,0.0,5528.616779242841,5528.616779242841
t1235,0.0,4085.855805978115,4085.855805978115
t1236,0.0,3037.984135778875,3037.984135778875
t1237,0.0,2334.6457225720596,2334.6457225720596
t1238,0.0,1704.494829484436,1704.494829484436
t1239,0.0,913.0930592392505,913.0930592392505
t1240,0.0,546.980329577832,546.980329577832
t1241,0.0,585.8878848088839,585.8878848088839
t1242,0.0,322.46940344997796,322.46940344997796
t1243,0.0,125.2756135226126,125.2756135226126
t1244,0.0,3.267120977187843,3.267120977187843
t1245,0.0,181.90722662941167,181.90722662941167
t1246,0.0,1709.5043522737594,1709.5043522737594
t1247,0.0,4628.892795376604,4628.892795376604
t1248,0.0,7353.655342272589,7353.655342272589
t1249,0.0,9358.30207320321,9358.30207320321
t1250,0.0,10603.9078089271,10603.9078089271
t1251,0.0,11421.336572995884,11421.336572995884
t1252,0.0,11752.200596547538,11752.200596547538
t1253,0.0,11538.112110720012,11538.112110720012
t1254,0.0,10156.268247651315,10156.268247651315
t1255,0.0,9716.669162602779,9716.669162602779
t1256,0.0,7860.109311321328,7860.109311321328
t1257,0.0,6020.8786506411925,6020.8786506411925
t1258,0.0,4247.886399396128,4247.886399396128
t1259,0.0,2654.5460013665743,2654.5460013665743
t1260,0.0,1370.379182692024,1370.379182692024
t1261,0.0,472.1663636344099,472.1663636344099
t1262,821.5787650579382,258.7862666717058,1080.365031729644
t1263,0.0,0.0,0.0
t1264,214.9194631694595,33.64476582352767,248.56422899298718
t1265,129.56222288928993,625.6311362276101,755.1933591169001
t1266,0.0,0.0,0.0
t1267,0.0,2253.3162014352706,2253.3162014352706
t1268,0.0,2027.8549850362704,2027.8549850362704
t1269,0.0,2087.40168692037,2087.40168692037
t1270,0.0,62.81382286121156,62.81382286121156
t1271,0.0,2916.184908756267,2916.184908756267
t1272,0.0,5816.110762238424,5816.110762238424
t1273,0.0,7898.6078516518,7898.6078516518
t1274,0.0,9299.914304341162,9299.914304341162
t1275,0.0,10214.65601651339,10214.65601651339
t1276,0.0,10701.220757030527,10701.220757030527
t1277,0.0,10545.52004006503,10545.52004006503
t1278,0.0,9299.914304341153,9299.914304341153
t1279,0.0,8459.641514128169,8459.641514128169
t1280,0.0,7043.937478363927,7043.937478363927
t1281,0.0,5359.085388748278,5359.085388748278
t1282,0.0,3628.468273985088,3628.468273985088
t1283,0.0,1972.7731685657775,1972.7731685657775
t1284,0.0,689.0312117944488,689.0312117944488
t1285,478.9434363411324,251.2214188047286,730.164855145861
t1286,0.0,0.0,0.0
t1287,80.78665701490364,1000.6607194642962,1081.4473764791999
t1288,190.53168023229298,171.68617262633532,362.2178528586283
t1289,0.0,0.0,0.0
t1290,587.0261114050633,1748.3947537145186,2335.420865119582
t1291,0.0,1818.3760557081614,1818.3760557081614
t1292,0.0,1352.992363683213,1352.992363683213
t1293,0.0,1174.3522580309404,1174.3522580309404
t1294,0.0,697.4496919981075,697.4496919981075
t1295,0.0,3266.511521928611,3266.511521928611
t1296,0.0,5971.8114792039105,5971.8114792039105
t1297,0.0,8132.158927100022,8132.158927100022
t1298,0.0,9494.540200548017,9494.540200548017
t1299,0.0,10428.74450234093,10428.74450234093
t1300,0.0,10934.771832478757,10934.771832478757
t1301,0.0,11032.084780582172,11032.084780582172
t1302,0.0,10603.907808927088,10603.907808927088
t1303,0.0,10009.037140723385,10009.037140723385
t1304,0.0,9105.335789381523,9105.335789381523
t1305,0.0,7420.814687933342,7420.814687933342
t1306,0.0,5935.429799713361,5935.429799713361
t1307,0.0,4896.017179169803,4896.017179169803
t1308,0.0,4119.079912549205,4119.079912549205
t1309,0.0,3440.8705071911113,3440.8705071911113
t1310,0.0,3045.4134889491215,3045.4134889491215
t1311,0.0,2678.209221557941,2678.209221557941
t1312,0.0,2612.691894350788,2612.691894350788
t1313,0.0,2510.096349312415,2510.096349312415
t1314,0.0,2127.495044460333,2127.495044460333
t1315,0.0,1853.2458400420644,1853.2458400420644
t1316,0.0,2157.143913549528,2157.143913549528
t1317,0.0,2234.994272032269,2234.994272032269
t1318,0.0,3714.151083204366,3714.151083204366
t1319,0.0,5835.573351859108,5835.573351859108
t1320,0.0,8093.2337478586405,8093.2337478586405
t1321,0.0,9864.329403341042,9864.329403341042
t1322,0.0,11129.3977286856,11129.3977286856
t1323,0.0,11927.36390313371,11927.36390313371
t1324,0.0,12452.853822892223,12452.853822892223
t1325,0.0,12608.554539857709,12608.554539857709
t1326,0.0,12413.928643650852,12413.928643650852
t1327,0.0,13504.921688568726,13504.921688568726
t1328,0.0,13000.13819621481,13000.13819621481
t1329,0.0,11317.819616206145,11317.819616206145
t1330,0.0,9432.045166411248,9432.045166411248
t1331,0.0,7944.707699121642,7944.707699121642
t1332,0.0,6746.427211367215,6746.427211367215
t1333,0.0,5801.209151674877,5801.209151674877
t1334,0.0,5204.809877371348,5204.809877371348
t1335,0.0,4633.726411034304,4633.726411034304
t1336,0.0,4033.0802584762255,4033.0802584762255
t1337,0.0,3232.5762367659963,3232.5762367659963
t1338,0.0,2213.273411669423,2213.273411669423
t1339,0.0,1158.516934178974,1158.516934178974
t1340,0.0,1417.5655079634723,1417.5655079634723
t1341,0.0,1339.7151494807315,1339.7151494807315
t1342,0.0,3208.1237530665953,3208.1237530665953
t1343,0.0,5835.573351859063,5835.573351859063
t1344,0.0,8171.08410634134,8171.08410634134
t1345,0.0,13456.234171978573,13456.234171978573
t1346,0.0,14297.076968122972,14297.076968122972
t1347,0.0,14707.244185758549,14707.244185758549
t1348,0.0,14768.769268399059,14768.769268399059
t1349,0.0,14256.060246359784,14256.060246359784
t1350,0.0,12369.291045255271,12369.291045255271
t1351,0.0,8923.886417151381,8923.886417151381
t1352,0.0,8419.542711684062,8419.542711684062
t1353,0.0,8313.338994938264,8313.338994938264
t1354,0.0,7873.430858250777,7873.430858250777
t1355,0.0,7395.748945759664,7395.748945759664
t1356,0.0,7072.745903500958,7072.745903500958
t1357,0.0,7032.670358478576,7032.670358478576
t1358,0.0,6857.775014230946,6857.775014230946
t1359,0.0,6915.157179467353,6915.157179467353
t1360,0.0,6815.85617142739,6815.85617142739
t1361,0.0,6093.972036588009,6093.972036588009
t1362,0.0,4268.488497034838,4268.488497034838
t1363,0.0,3755.7794749997556,3755.7794749997556
t1364,0.0,2791.8865135617216,2791.8865135617216
t1365,0.0,4042.896527337553,4042.896527337553
t1366,0.0,6257.7995025471855,6257.7995025471855
t1367,0.0,8985.411499796102,8985.411499796102
t1368,0.0,11343.873001176747,11343.873001176747
t1369,0.0,12861.491706412971,12861.491706412971
t1370,0.0,13681.826141675809,13681.826141675809
t1371,0.0,14133.010081070363,14133.010081070363
t1372,0.0,14194.535163715074,14194.535163715074
t1373,0.0,13722.842863438947,13722.842863438947
t1374,0.0,11836.073662334436,11836.073662334436
t1375,0.0,9224.58259315105,9224.58259315105
t1376,0.0,8025.916434837711,8025.916434837711
t1377,0.0,8729.51461601186,8729.51461601186
t1378,0.0,8392.103335450418,8392.103335450418
t1379,0.0,7330.195719122668,7330.195719122668
t1380,0.0,7643.407240728499,7643.407240728499
t1381,0.0,7586.618377039679,7586.618377039679
t1382,0.0,6712.531573252203,6712.531573252203
t1383,0.0,7334.1154909311235,7334.1154909311235
t1384,0.0,7168.550747500947,7168.550747500947
t1385,0.0,6302.652967561273,6302.652967561273
t1386,0.0,4928.226855812365,4928.226855812365
t1387,0.0,3427.645700890429,3427.645700890429
t1388,0.0,2525.27782210131,2525.27782210131
t1389,0.0,3776.287835877121,3776.287835877121
t1390,0.0,5847.632284915784,5847.632284915784
t1391,0.0,8575.244282164682,8575.244282164682
t1392,0.0,10872.18070090061,10872.18070090061
t1393,0.0,12430.816127899992,12430.816127899992
t1394,0.0,13271.658924044403,13271.658924044403
t1395,0.0,13702.334502557382,13702.334502557382
t1396,0.0,13804.876306965232,13804.876306965232
t1397,0.0,13251.150563162819,13251.150563162819
t1398,0.0,11405.39808382145,11405.39808382145
t1399,0.0,8001.017298590175,8001.017298590175
t1400,0.0,6331.105783404837,6331.105783404837
t1401,0.0,5928.872918099017,5928.872918099017
t1402,0.0,5389.6389184078635,5389.6389184078635
t1403,0.0,4921.190493244279,4921.190493244279
t1404,0.0,4637.03992239037,4637.03992239037
t1405,0.0,4187.201869131791,4187.201869131791
t1406,0.0,3893.94551344213,3893.94551344213
t1407,0.0,3823.342557717031,3823.342557717031
t1408,0.0,4132.059256075799,4132.059256075799
t1409,0.0,3377.4529665976324,3377.4529665976324
t1410,0.0,2361.210935048742,2361.210935048742
t1411,0.0,1745.9601086016185,1745.9601086016185
t1412,0.0,1438.3346953780672,1438.3346953780672
t1413,0.0,2689.3447091538774,2689.3447091538774
t1414,0.0,4781.19751907409,4781.19751907409
t1415,0.0,7488.301155441447,7488.301155441447
t1416,0.0,9928.796100348356,9928.796100348356
t1417,0.0,11569.464970874014,11569.464970874014
t1418,0.0,12471.83284966314,12471.83284966314
t1419,0.0,13046.06695434711,13046.06695434711
t1420,0.0,13210.133841399685,13210.133841399685
t1421,0.0,12799.966623768269,12799.966623768269
t1422,0.0,10851.67234001904,10851.67234001904
t1423,0.0,7914.373965813296,7914.373965813296
t1424,0.0,7536.595695149776,7536.595695149776
t1425,0.0,7461.739896727154,7461.739896727154
t1426,0.0,7186.893382814018,7186.893382814018
t1427,0.0,6781.8967488367525,6781.8967488367525
t1428,0.0,6553.994096995208,6553.994096995208
t1429,0.0,6534.440660603017,6534.440660603017
t1430,0.0,6478.938260535118,6478.938260535118
t1431,0.0,6550.335559721328,6550.335559721328
t1432,0.0,6456.218801933567,6456.218801933567
t1433,0.0,5737.234092778797,5737.234092778797
t1434,0.0,4652.102986961634,4652.102986961634
t1435,0.0,3202.053731193144,3202.053731193144
t1436,0.0,2422.7360176934526,2422.7360176934526
t1437,0.0,3591.7125879429896,3591.7125879429896
t1438,0.0,5663.057036981646,5663.057036981646
t1439,0.0,8288.127229822703,8288.127229822703
t1440,0.0,10728.62217472961,10728.62217472961
t1441,0.0,12348.782684373702,12348.782684373702
t1442,0.0,13312.675645807543,13312.675645807543
t1443,0.0,13825.384667846809,13825.384667846809
t1444,0.0,13948.434833136225,13948.434833136225
t1445,0.0,13517.759254623235,13517.759254623235
t1446,0.0,11795.056940571296,11795.056940571296
t1447,0.0,8530.637819144858,8530.637819144858
t1448,0.0,6970.715537059971,6970.715537059971
t1449,0.0,6628.2855096216745,6628.2855096216745
t1450,0.0,6023.206850906902,6023.206850906902
t1451,0.0,5573.362713047323,5573.362713047323
t1452,0.0,5383.0805719708105,5383.0805719708105
t1453,0.0,5250.274567960958,5250.274567960958
t1454,0.0,5039.889180833948,5039.889180833948
t1455,0.0,4900.583386179541,4900.583386179541
t1456,0.0,4490.7019137242005,4490.7019137242005
t1457,0.0,4151.322395320576,4151.322395320576
t1458,0.0,3858.321279403408,3858.321279403408
t1459,0.0,3427.645700890429,3427.645700890429
t1460,0.0,3571.2042270614124,3571.2042270614124
t1461,0.0,4781.19751907409,4781.19751907409
t1462,0.0,6421.866389599767,6421.866389599767
t1463,0.0,8493.21083863841,8493.21083863841
t1464,0.0,10667.097092084903,10667.097092084903
t1465,0.0,12348.782684373702,12348.782684373702
t1466,0.0,13333.184006693307,13333.184006693307
t1467,0.0,13907.418111373083,13907.418111373083
t1468,0.0,14174.026802833505,14174.026802833505
t1469,0.0,14112.50172018879,14112.50172018879
t1470,0.0,13456.234171978522,13456.234171978522
t1471,0.0,12143.699075558006,12143.699075558006
t1472,0.0,10524.209666837967,10524.209666837967
t1473,0.0,9326.874037740834,9326.874037740834
t1474,0.0,8901.000829438433,8901.000829438433
t1475,0.0,8492.145092116432,8492.145092116432
t1476,0.0,8236.741404974191,8236.741404974191
t1477,0.0,8149.872844474002,8149.872844474002
t1478,0.0,8462.856950845848,8462.856950845848
t1479,0.0,8378.70743249782,8378.70743249782
t1480,0.0,8546.961610126486,8546.961610126486
t1481,0.0,7768.797742887986,7768.797742887986
t1482,0.0,6688.475081060168,6688.475081060168
t1483,0.0,5868.140645797344,5868.140645797344
t1484,0.0,5642.548676100062,5642.548676100062
t1485,0.0,6503.899833126048,6503.899833126048
t1486,0.0,7816.434929546575,7816.434929546575
t1487,0.0,9559.645604480089,9559.645604480089
t1488,0.0,11487.431527347748,11487.431527347748
t1489,0.0,12964.03351082083,12964.03351082083
t1490,0.0,13927.926472254652,13927.926472254652
t1491,0.0,14481.65221605707,14481.65221605707
t1492,0.0,14748.260907517484,14748.260907517484
t1493,0.0,14748.260907517484,14748.260907517484
t1494,0.0,14338.09368988607,14338.09368988607
t1495,0.0,13456.234171978522,13456.234171978522
t1496,0.0,12294.694864575138,12294.694864575138
t1497,0.0,10807.910371685997,10807.910371685997
t1498,0.0,9369.582389479534,9369.582389479534
t1499,0.0,8546.284599732111,8546.284599732111
t1500,0.0,8005.633211284875,8005.633211284875
t1501,0.0,7799.1713943986515,7799.1713943986515
t1502,0.0,7947.838556131186,7947.838556131186
t1503,0.0,8095.638064913448,8095.638064913448
t1504,0.0,8117.861682303766,8117.861682303766
t1505,0.0,7604.482243520816,7604.482243520816
t1506,0.0,6435.1510472628715,6435.1510472628715
t1507,0.0,5375.939984639644,5375.939984639644
t1508,0.0,4740.180797310957,4740.180797310957
t1509,0.0,5827.123924034203,5827.123924034203
t1510,0.0,7754.909846901824,7754.909846901824
t1511,0.0,9949.304461229936,9949.304461229936
t1512,0.0,12000.140549387,12000.140549387
t1513,0.0,13834.697685960913,13834.697685960913
t1514,0.0,14496.425733064214,14496.425733064214
t1515,0.0,14827.28975661588,14827.28975661588
t1516,0.0,14807.827166995183,14807.827166995183
t1517,0.0,14282.337247236681,14282.337247236681
t1518,0.0,12705.867487961135,12705.867487961135
t1519,0.0,10311.968964616812,10311.968964616812
t1520,0.0,9309.89974326551,9309.89974326551
t1521,0.0,9268.779648761129,9268.779648761129
t1522,0.0,8960.052970785673,8960.052970785673
t1523,0.0,8885.178684134964,8885.178684134964
t1524,0.0,8981.429428537422,8981.429428537422
t1525,0.0,9063.790790883208,9063.790790883208
t1526,0.0,8995.152511950942,8995.152511950942
t1527,0.0,8826.137326271335,8826.137326271335
t1528,0.0,8040.9510316819615,8040.9510316819615
t1529,0.0,4744.619973749535,4744.619973749535
t1530,0.0,2702.096422928726,2702.096422928726
t1531,0.0,3169.19857382518,3169.19857382518
t1532,0.0,4181.253234100834,4181.253234100834
t1533,0.0,5543.634507548831,5543.634507548831
t1534,0.0,7587.206417720816,7587.206417720816
t1535,0.0,10000.56753068583,10000.56753068583
t1536,0.0,12024.676851237136,12024.676851237136
t1537,0.0,13464.908483167876,13464.908483167876
t1538,0.0,14262.874657615988,14262.874657615988
t1539,0.0,14671.589039650386,14671.589039650386
t1540,0.0,14710.514218891763,14710.514218891763
t1541,0.0,14204.486888753932,14204.486888753932
t1542,0.0,12316.615695547425,12316.615695547425
t1543,0.0,8969.050280789499,8969.050280789499
t1544,0.0,6983.866139479562,6983.866139479562
t1545,0.0,7029.133255466479,7029.133255466479
t1546,0.0,7508.4780913746,7508.4780913746
t1547,0.0,7663.137786392217,7663.137786392217
t1548,0.0,7439.977797280259,7439.977797280259
t1549,0.0,7383.215885603511,7383.215885603511
t1550,0.0,7206.568558318778,7206.568558318778
t1551,0.0,6979.777675175923,6979.777675175923
t1552,0.0,6407.4061436841,6407.4061436841
t1553,0.0,3850.3892105491805,3850.3892105491805
t1554,0.0,2176.6065031702115,2176.6065031702115
t1555,0.0,2429.6201682391284,2429.6201682391284
t1556,0.0,3227.58634268723,3227.58634268723
t1557,0.0,4434.266899169754,4434.266899169754
t1558,0.0,6283.212913134882,6283.212913134882
t1559,0.0,8716.036615720586,8716.036615720586
t1560,0.0,10837.458884375319,10837.458884375319
t1561,0.0,12199.840157823312,12199.840157823312
t1562,0.0,12919.955973788685,12919.955973788685
t1563,0.0,13231.35740771965,13231.35740771965
t1564,0.0,13192.432228478281,13192.432228478281
t1565,0.0,12530.704181374289,12530.704181374289
t1566,0.0,10448.207091961613,10448.207091961613
t1567,0.0,6944.940960238198,6944.940960238198
t1568,0.0,6113.610158934649,6113.610158934649
t1569,0.0,7138.36643011221,7138.36643011221
t1570,0.0,7920.252149011208,7920.252149011208
t1571,0.0,8339.933155082079,8339.933155082079
t1572,0.0,8679.732602177064,8679.732602177064
t1573,0.0,9103.255623626714,9103.255623626714
t1574,0.0,8978.468013620875,8978.468013620875
t1575,0.0,8913.212594251749,8913.212594251749
t1576,0.0,7639.638452167291,7639.638452167291
t1577,0.0,3974.867838146801,3974.867838146801
t1578,0.0,1690.0417626530827,1690.0417626530827
t1579,0.0,1787.3547107565003,1787.3547107565003
t1580,0.0,2488.0079371011957,2488.0079371011957
t1581,0.0,3558.450366238898,3558.450366238898
t1582,0.0,5387.93379058335,5387.93379058335
t1583,0.0,7781.832313927682,7781.832313927682
t1584,0.0,9961.642351444467,9961.642351444467
t1585,0.0,11401.8739833752,11401.8739833752
t1586,0.0,12121.989799340576,12121.989799340576
t1587,0.0,12433.391233271539,12433.391233271539
t1588,0.0,12355.5408747888,12355.5408747888
t1589,0.0,11713.275417306178,11713.275417306178
t1590,0.0,9767.016455237608,9767.016455237608
t1591,0.0,6283.212913135521,6283.212913135521
t1592,0.0,5373.99046586251,5373.99046586251
t1593,0.0,6275.05814552915,6275.05814552915
t1594,0.0,6906.672532509234,6906.672532509234
t1595,0.0,7237.756010954798,7237.756010954798
t1596,0.0,7615.916549096877,7615.916549096877
t1597,0.0,8146.492787059321,8146.492787059321
t1598,0.0,7500.82232889412,7500.82232889412
t1599,0.0,7557.7879676612665,7557.7879676612665
t1600,0.0,6600.45386149172,6600.45386149172
t1601,0.0,3013.497856859698,3013.497856859698
t1602,0.0,1300.7899702393606,1300.7899702393606
t1603,0.0,1456.490687204848,1456.490687204848
t1604,0.0,2176.6065031702133,2176.6065031702133
t1605,0.0,3285.9741115492875,3285.9741115492875
t1606,0.0,5193.307894376488,5193.307894376488
t1607,0.0,7587.206417720816,7587.206417720816
t1608,0.0,9825.404224099666,9825.404224099666
t1609,0.0,11226.710676789036,11226.710676789036
t1610,0.0,11966.289082375088,11966.289082375088
t1611,0.0,12355.5408747888,12355.5408747888
t1612,0.0,12316.615695547269,12316.615695547269
t1613,0.0,11732.738006926862,11732.738006926862
t1614,0.0,9805.941634478982,9805.941634478982
t1615,0.0,6497.301398962426,6497.301398962426
t1616,0.0,4765.130922721406,4765.130922721406
t1617,0.0,4869.828020562776,4869.828020562776
t1618,0.0,5611.462951400679,5611.462951400679
t1619,0.0,6461.438669837244,6461.438669837244
t1620,0.0,7548.552764427397,7548.552764427397
t1621,0.0,7892.700603082355,7892.700603082355
t1622,0.0,7954.532673765983,7954.532673765983
t1623,0.0,7871.1091667619485,7871.1091667619485
t1624,0.0,6483.994314880355,6483.994314880355
t1625,0.0,3850.389210549185,3850.389210549185
t1626,0.0,2351.7698097563975,2351.7698097563975
t1627,0.0,2741.021602170099,2741.021602170099
t1628,0.0,3558.450366238724,3558.450366238724
t1629,0.0,4512.117257652496,4512.117257652496
t1630,0.0,5913.423710341855,5913.423710341855
t1631,0.0,7781.832313927671,7781.832313927671
t1632,0.0,9747.553865616923,9747.553865616923
t1633,0.0,11246.173266409713,11246.173266409713
t1634,0.0,12102.527209719883,12102.527209719883
t1635,0.0,12491.77900213378,12491.77900213378
t1636,0.0,12589.091950236847,12589.091950236847
t1637,0.0,12375.003464409489,12375.003464409489
t1638,0.0,11538.112110720002,11538.112110720002
t1639,0.0,10214.656016513567,10214.656016513567
t1640,0.0,9511.991081690996,9511.991081690996
t1641,0.0,9490.992232334236,9490.992232334236
t1642,0.0,9569.584513352089,9569.584513352089
t1643,0.0,9950.07295800329,9950.07295800329
t1644,0.0,10370.782707756467,10370.782707756467
t1645,0.0,10824.379687192166,10824.379687192166
t1646,0.0,11124.055488708476,11124.055488708476
t1647,0.0,11030.07892418403,11030.07892418403
t1648,0.0,9991.254185214684,9991.254185214684
t1649,0.0,6283.212913134882,6283.212913134882
t1650,0.0,4317.4913614456345,4317.4913614456345
t1651,0.0,4589.9676161352745,4589.9676161352745
t1652,0.0,5329.546021721282,5329.546021721282
t1653,0.0,6108.049606548719,6108.049606548719
t1654,0.0,7275.804983789856,7275.804983789856
t1655,0.0,8735.49920534109,8735.49920534109
t1656,0.0,10350.894143858175,10350.894143858175
t1657,0.0,11635.42505882343,11635.42505882343
t1658,0.0,12394.466054030367,12394.466054030367
t1659,0.0,12764.255256823195,12764.255256823195
t1660,0.0,12900.493384167994,12900.493384167994
t1661,0.0,12725.330077581018,12725.330077581018
t1662,0.0,12121.98979934057,12121.98979934057
t1663,0.0,11129.397728685602,11129.397728685602
t1664,0.0,10611.034867975433,10611.034867975433
t1665,0.0,10501.233538269082,10501.233538269082
t1666,0.0,10448.667706852717,10448.667706852717
t1667,0.0,10615.15333803352,10615.15333803352
t1668,0.0,10810.454167304315,10810.454167304315
t1669,0.0,10996.296794216247,10996.296794216247
t1670,0.0,11067.20961668084,11067.20961668084
t1671,0.0,10771.98616278668,10771.98616278668
t1672,0.0,9457.915776538117,9457.915776538117
t1673,0.0,5407.39638020403,5407.39638020403
t1674,0.0,3363.8244700320356,3363.8244700320356
t1675,0.0,3480.6000077561507,3480.6000077561507
t1676,0.0,4220.178413342202,4220.178413342202
t1677,0.0,5193.307894376484,5193.307894376484
t1678,0.0,6906.015780996824,6906.015780996824
t1679,0.0,8930.125101548121,8930.125101548121
t1680,0.0,10740.145936271887,10740.145936271887
t1681,0.0,10428.744502341606,10428.744502341606
t1682,0.0,11460.261752237258,11460.261752237258
t1683,0.0,11849.513544650978,11849.513544650978
t1684,0.0,11907.90131351303,11907.90131351303
t1685,0.0,11246.173266409718,11246.173266409718
t1686,0.0,9338.839483582531,9338.839483582531
t1687,0.0,5855.035941479801,5855.035941479801
t1688,0.0,3461.1374181354668,3461.1374181354668
t1689,0.0,2762.2424028492906,2762.2424028492906
t1690,0.0,3388.2010301238292,3388.2010301238292
t1691,0.0,4276.199509601665,4276.199509601665
t1692,0.0,3101.017480322364,3101.017480322364
t1693,0.0,3071.0672695147978,3071.0672695147978
t1694,0.0,3082.72172898827,3082.72172898827
t1695,0.0,2963.978686388065,2963.978686388065
t1696,0.0,2230.8959164151047,2230.8959164151047
t1697,0.0,16.25905527831826,16.25905527831826
t1698,0.0,1253.7478605426713,1253.7478605426713
t1699,0.0,916.3165498665484,916.3165498665484
t1700,0.0,82.66272348924491,82.66272348924491
t1701,0.0,1164.5518428945666,1164.5518428945666
t1702,0.0,3266.511521928618,3266.511521928618
t1703,0.0,6146.974785790086,6146.974785790086
t1704,0.0,8871.737332686067,8871.737332686067
t1705,0.0,10740.145936271896,10740.145936271896
t1706,0.0,11674.350238064797,11674.350238064797
t1707,0.0,12180.377568202623,12180.377568202623
t1708,0.0,12277.690516306053,12277.690516306053
t1709,0.0,11791.125775788907,11791.125775788907
t1710,0.0,9922.717172203089,9922.717172203089
t1711,0.0,6458.376219721052,6458.376219721052
t1712,0.0,4239.64100296289,4239.64100296289
t1713,0.0,3869.8518001698544,3869.8518001698544
t1714,0.0,3753.0762624457466,3753.0762624457466
t1715,0.0,4026.959615780002,4026.959615780002
t1716,0.0,4407.519841464669,4407.519841464669
t1717,0.0,4823.3276946759215,4823.3276946759215
t1718,0.0,4835.4475100517075,4835.4475100517075
t1719,0.0,4510.63629481126,4510.63629481126
t1720,0.0,3949.3415687765273,3949.3415687765273
t1721,0.0,1787.3547107565003,1787.3547107565003
t1722,0.0,210.88495148096976,210.88495148096976
t1723,0.0,424.973437308504,424.973437308504
t1724,0.0,1125.626663653191,1125.626663653191
t1725,0.0,2293.3820408943266,2293.3820408943266
t1726,0.0,4220.178413342202,4220.178413342202
t1727,0.0,6906.015780996824,6906.015780996824
t1728,0.0,9572.390559030759,9572.390559030759
t1729,0.0,11479.724341857947,11479.724341857947
t1730,0.0,12413.928643650854,12413.928643650854
t1731,0.0,12822.64302568525,12822.64302568525
t1732,0.0,12822.64302568525,12822.64302568525
t1733,0.0,12180.377568202623,12180.377568202623
t1734,0.0,10234.118606134061,10234.118606134061
t1735,0.0,6633.5395263072205,6633.5395263072205
t1736,0.0,4531.579847273172,4531.579847273172
t1737,0.0,4308.581791565773,4308.581791565773
t1738,0.0,4751.835036699294,4751.835036699294
t1739,0.0,5534.505194436658,5534.505194436658
t1740,0.0,5752.633557843116,5752.633557843116
t1741,0.0,6488.330189932157,6488.330189932157
t1742,0.0,6497.944149813064,6497.944149813064
t1743,0.0,6057.868597104507,6057.868597104507
t1744,0.0,4978.842455610669,4978.842455610669
t1745,0.0,1806.8173003771915,1806.8173003771915
t1746,0.0,62.813822860392776,62.813822860392776
t1747,0.0,16.259055274144007,16.259055274144007
t1748,0.0,677.9871023774309,677.9871023774309
t1749,0.0,1690.0417626530616,1690.0417626530616
t1750,0.0,3519.525186997531,3519.525186997531
t1751,0.0,6224.825144272928,6224.825144272928
t1752,0.0,8949.587691168823,8949.587691168823
t1753,0.0,10740.145936271896,10740.145936271896
t1754,0.0,11732.738006926851,11732.738006926851
t1755,0.0,12141.452388961252,12141.452388961252
t1756,0.0,12141.452388961252,12141.452388961252
t1757,0.0,11499.186931478629,11499.186931478629
t1758,0.0,9455.615021306638,9455.615021306638
t1759,0.0,5796.64817261728,5796.64817261728
t1760,0.0,3908.7769794112287,3908.7769794112287
t1761,0.0,4824.020952165819,4824.020952165819
t1762,0.0,5754.239613969431,5754.239613969431
t1763,0.0,6113.870680025048,6113.870680025048
t1764,0.0,6568.061259322039,6568.061259322039
t1765,0.0,6881.299957945469,6881.299957945469
t1766,0.0,6784.204074267604,6784.204074267604
t1767,0.0,6558.388012278714,6558.388012278714
t1768,0.0,5232.908778407218,5232.908778407218
t1769,0.0,1651.116583411709,1651.116583411709
t1770,0.0,16.259055274102373,16.259055274102373
t1771,0.0,210.88495148516296,210.88495148516296
t1772,0.0,814.2252297222221,814.2252297222221
t1773,0.0,1670.5791730324916,1670.5791730324916
t1774,0.0,3461.1374181354736,3461.1374181354736
t1775,0.0,6146.974785790071,6146.974785790071
t1776,0.0,8774.424384582642,8774.424384582642
t1777,0.0,10642.832988168466,10642.832988168466
t1778,0.0,11713.275417306177,11713.275417306177
t1779,0.0,12219.302747443999,12219.302747443999
t1780,0.0,12219.302747443999,12219.302747443999
t1781,0.0,11732.738006926858,11732.738006926858
t1782,0.0,9981.104941065152,9981.104941065152
t1783,0.0,6711.389884789967,6711.389884789967
t1784,0.0,4317.4913614456345,4317.4913614456345
t1785,0.0,3557.6928475712266,3557.6928475712266
t1786,0.0,3309.719955440889,3309.719955440889
t1787,0.0,3483.9457475462,3483.9457475462
t1788,0.0,3909.3009442701145,3909.3009442701145
t1789,0.0,4231.429835599479,4231.429835599479
t1790,0.0,4155.807486997227,4155.807486997227
t1791,0.0,4556.08632216617,4556.08632216617
t1792,0.0,5502.610512868057,5502.610512868057
t1793,0.0,2760.4841917907816,2760.4841917907816
t1794,0.0,1320.2525598600469,1320.2525598600469
t1795,0.0,1787.3547107565007,1787.3547107565007
t1796,0.0,2643.7086540666714,2643.7086540666714
t1797,0.0,3636.300724721632,3636.300724721632
t1798,0.0,5018.144587790308,5018.144587790308
t1799,0.0,7061.716497962307,7061.716497962307
t1800,0.0,9436.152431685952,9436.152431685952
t1801,0.0,11168.322907926982,11168.322907926982
t1802,0.0,12219.302747443906,12219.302747443906
t1803,0.0,12783.71784644388,12783.71784644388
t1804,0.0,12939.418563409372,12939.418563409372
t1805,0.0,12764.255256823197,12764.255256823197
t1806,0.0,12102.527209719883,12102.527209719883
t1807,0.0,10642.832988168468,10642.832988168468
t1808,0.0,8988.512870410184,8988.512870410184
t1809,0.0,7962.7256094570685,7962.7256094570685
t1810,0.0,7341.986539385408,7341.986539385408
t1811,0.0,7345.981539840763,7345.981539840763
t1812,0.0,7407.5189397038985,7407.5189397038985
t1813,0.0,7430.344046282195,7430.344046282195
t1814,0.0,7391.7302822569845,7391.7302822569845
t1815,0.0,7254.720233713437,7254.720233713437
t1816,0.0,6398.313659991641,6398.313659991641
t1817,0.0,3071.885625721762,3071.885625721762
t1818,0.0,1242.402201377293,1242.402201377293
t1819,0.0,1320.252559860048,1320.252559860048
t1820,0.0,1962.5180173426652,1962.5180173426652
t1821,0.0,2741.0216021700944,2741.0216021700944
t1822,0.0,3850.3892105491777,3850.3892105491777
t1823,0.0,5699.3352245143205,5699.3352245143205
t1824,0.0,7879.145262031109,7879.145262031109
t1825,0.0,9669.70350713418,9669.70350713418
t1826,0.0,10817.996294754637,10817.996294754637
t1827,0.0,11421.336572995899,11421.336572995899
t1828,0.0,11713.275417306178,11713.275417306178
t1829,0.0,11654.887648444124,11654.887648444124
t1830,0.0,11109.935139064926,11109.935139064926
t1831,0.0,10020.030120306532,10020.030120306532
t1832,0.0,8832.812153444705,8832.812153444705
t1833,0.0,8724.699810795993,8724.699810795993
t1834,0.0,8651.252885083837,8651.252885083837
t1835,0.0,8858.82222625456,8858.82222625456
t1836,0.0,8891.867069390955,8891.867069390955
t1837,0.0,8830.499361595488,8830.499361595488
t1838,0.0,8787.696964362418,8787.696964362418
t1839,0.0,8577.530279234355,8577.530279234355
t1840,0.0,7624.5494485119425,7624.5494485119425
t1841,0.0,3500.062597376848,3500.062597376848
t1842,0.0,1534.3410456876013,1534.3410456876013
t1843,0.0,1573.266224928968,1573.266224928968
t1844,0.0,2118.2187343081678,2118.2187343081678
t1845,0.0,2838.3345502735333,2838.3345502735333
t1846,0.0,4200.715823721525,4200.715823721525
t1847,0.0,6146.974785790086,6146.974785790086
t1848,0.0,8463.022950655479,8463.022950655479
